datetime,open,close,high,low,vol,amount
2025-12-10 09:45,1433.29,1425.78,1433.29,1423.79,4081179136,408117903360
2025-12-10 10:00,1425.85,1429.98,1433.36,1425.85,1960589824,196058988544
2025-12-10 10:15,1430.06,1429.42,1432.83,1428.5,1366300416,136630050816
2025-12-10 10:30,1429.38,1429.49,1431.28,1429.35,1013075008,101307514880
2025-12-10 10:45,1429.34,1428.66,1429.61,1427.15,991114560,99111477248
2025-12-10 11:00,1428.66,1428.05,1429.07,1428.03,838986240,83898646528
2025-12-10 11:15,1428.08,1426.04,1428.08,1425.71,648400512,64840069120
2025-12-10 11:30,1425.96,1425.18,1425.96,1424.41,554658432,55465852928
2025-12-10 13:15,1425.21,1422.75,1425.49,1422.65,779939648,77993967616
2025-12-10 13:30,1422.78,1426.69,1426.69,1422.78,689431872,68943208448
2025-12-10 13:45,1426.77,1428.79,1429.36,1426.77,738117440,73811763200
2025-12-10 14:00,1428.82,1427.74,1429.77,1427.55,602004352,60200448000
2025-12-10 14:15,1427.71,1434.91,1434.91,1427.44,804053440,80405356544
2025-12-10 14:30,1434.91,1434.91,1434.91,1433.52,745420288,74542047232
2025-12-10 14:45,1434.91,1434.91,1434.91,1434.91,830425344,83042549760
2025-12-10 15:00,1434.91,1433.04,1434.91,1432.62,1272669440,127266963456
2025-12-11 09:45,1433.04,1427.24,1434.39,1426.32,3952415744,395241553920
2025-12-11 10:00,1427.15,1420.36,1427.15,1420.22,2067349376,206734950400
2025-12-11 10:15,1420.34,1422.89,1424.58,1419.09,1503472512,150347251712
2025-12-11 10:30,1422.8,1425.02,1425.96,1421.68,1111371648,111137177600
2025-12-11 10:45,1424.98,1422.36,1425.31,1421.64,932701824,93270196224
2025-12-11 11:00,1422.35,1420.53,1422.74,1420.45,825788864,82578898944
2025-12-11 11:15,1420.51,1420.09,1420.71,1419.67,638022912,63802302464
2025-12-11 11:30,1420.04,1418.38,1420.54,1418.38,618953600,61895376896
2025-12-11 13:15,1418.43,1417.51,1418.46,1417.0,939012992,93901316096
2025-12-11 13:30,1417.51,1414.64,1417.97,1413.84,888393536,88839372800
2025-12-11 13:45,1414.67,1413.83,1415.15,1413.82,695789184,69578932224
2025-12-11 14:00,1413.8,1415.86,1417.16,1413.67,648129408,64812953600
2025-12-11 14:15,1415.75,1415.16,1417.62,1415.16,670564096,67056418816
2025-12-11 14:30,1415.11,1412.81,1415.11,1412.15,819193600,81919377408
2025-12-11 14:45,1412.89,1411.39,1415.65,1411.39,985479552,98547965952
2025-12-11 15:00,1411.49,1409.35,1412.1,1409.33,1556237056,155623718912
2025-12-12 09:45,1409.35,1409.35,1409.35,1403.89,3819544320,381954490368
2025-12-12 10:00,1409.35,1412.99,1413.02,1405.7,1927299840,192729989120
2025-12-12 10:15,1412.89,1415.8,1415.96,1411.71,1615323392,161532346368
2025-12-12 10:30,1415.79,1413.99,1417.11,1413.11,1210124544,121012486144
2025-12-12 10:45,1414.04,1416.22,1416.22,1411.32,1123387904,112338804736
2025-12-12 11:00,1416.19,1416.0,1417.63,1415.75,986188032,98618810368
2025-12-12 11:15,1416.04,1413.37,1416.04,1412.18,1083878272,108387844096
2025-12-12 11:30,1413.41,1413.37,1414.03,1412.88,796447872,79644803072
2025-12-12 13:15,1413.54,1411.79,1413.66,1411.46,1088958464,108895862784
2025-12-12 13:30,1411.8,1413.35,1413.5,1411.49,895538304,89553846272
2025-12-12 13:45,1413.29,1413.71,1414.64,1413.29,902429248,90242932736
2025-12-12 14:00,1413.62,1415.01,1415.04,1413.62,822330752,82233098240
2025-12-12 14:15,1415.06,1414.93,1415.87,1414.46,904799616,90479968256
2025-12-12 14:30,1414.98,1413.85,1414.98,1413.64,939392256,93939245056
2025-12-12 14:45,1413.82,1409.35,1413.92,1409.35,1322736896,132273700864
2025-12-12 15:00,1409.35,1409.35,1409.35,1408.43,1751987968,175198797824
2025-12-15 09:45,1403.89,1400.26,1405.72,1397.55,32804864,432777199616
2025-12-15 10:00,1400.05,1410.7,1410.91,1399.37,2110350848,211035095040
2025-12-15 10:15,1410.56,1410.08,1411.14,1409.35,1413157120,141315735552
2025-12-15 10:30,1410.06,1414.06,1414.06,1409.74,1100947712,110094778368
2025-12-15 10:45,1414.02,1413.67,1414.84,1413.26,943391552,94339170304
2025-12-15 11:00,1413.75,1411.8,1414.01,1411.76,798716096,79871623168
2025-12-15 11:15,1411.82,1409.35,1411.82,1409.35,693882496,69388263424
2025-12-15 11:30,1409.35,1409.35,1410.52,1409.35,596785664,59678576640
2025-12-15 13:15,1409.35,1410.93,1411.11,1409.35,652173888,65217404928
2025-12-15 13:30,1411.01,1408.64,1411.01,1408.51,690381248,69038137344
2025-12-15 13:45,1408.64,1408.35,1408.64,1406.95,664507904,66450808832
2025-12-15 14:00,1408.35,1409.35,1410.16,1408.31,568260352,56826052608
2025-12-15 14:15,1409.35,1407.06,1410.32,1406.96,645444416,64544456704
2025-12-15 14:30,1407.0,1407.73,1408.41,1406.61,599145920,59914608640
2025-12-15 14:45,1407.69,1404.55,1408.12,1404.05,902249728,90224992256
2025-12-15 15:00,1404.56,1405.66,1406.38,1404.56,1237029632,123702976512
2025-12-16 09:45,1404.31,1393.17,1404.31,1391.38,3742160896,374216130560
2025-12-16 10:00,1393.22,1385.04,1393.91,1385.04,2038603008,203860312064
2025-12-16 10:15,1384.81,1385.11,1386.0,1382.46,1432276992,143227715584
2025-12-16 10:30,1385.11,1388.78,1389.12,1383.08,1092597504,109259767808
2025-12-16 10:45,1388.77,1386.65,1388.77,1383.15,1021275776,102127591424
2025-12-16 11:00,1386.6,1384.39,1386.65,1382.24,792257920,79225815040
2025-12-16 11:15,1384.41,1383.76,1385.19,1383.01,647114624,64711479296
2025-12-16 11:30,1383.73,1383.02,1386.27,1382.72,629902976,62990319616
2025-12-16 13:15,1383.11,1387.18,1388.01,1382.59,858847616,85884772352
2025-12-16 13:30,1387.11,1380.56,1387.11,1380.34,705612928,70561308672
2025-12-16 13:45,1380.57,1390.74,1390.78,1379.91,684157248,68415737856
2025-12-16 14:00,1390.76,1385.65,1390.79,1385.65,661861248,66186133504
2025-12-16 14:15,1385.65,1386.2,1387.34,1383.46,574426304,57442643968
2025-12-16 14:30,1386.27,1383.74,1387.12,1383.21,646262272,64626237440
2025-12-16 14:45,1383.81,1383.7,1385.23,1382.62,760321472,76032163840
2025-12-16 15:00,1383.81,1382.25,1384.44,1381.88,1193288704,119328874496
2025-12-17 09:45,1381.97,1383.9,1385.41,1376.47,3459062272,345906249728
2025-12-17 10:00,1383.79,1369.8,1383.96,1369.33,1861929984,186193018880
2025-12-17 10:15,1369.82,1371.88,1374.09,1368.57,1467612544,146761285632
2025-12-17 10:30,1371.88,1373.04,1376.44,1371.57,1009946880,100994703360
2025-12-17 10:45,1373.04,1371.45,1373.07,1369.99,824893696,82489384960
2025-12-17 11:00,1371.48,1372.38,1372.38,1370.61,666700480,66670063616
2025-12-17 11:15,1372.44,1372.36,1374.4,1372.36,629073088,62907318272
2025-12-17 11:30,1372.35,1372.59,1373.45,1371.36,483033536,48303366144
2025-12-17 13:15,1372.64,1369.49,1372.78,1369.49,763761408,76376162304
2025-12-17 13:30,1369.45,1369.47,1369.75,1367.18,606210432,60621058048
2025-12-17 13:45,1369.41,1370.54,1371.05,1367.25,660336896,66033704960
2025-12-17 14:00,1370.59,1382.25,1382.25,1370.59,1237187840,123718787072
2025-12-17 14:15,1382.76,1389.67,1389.86,1382.76,1355606144,135560626176
2025-12-17 14:30,1389.71,1389.47,1389.88,1386.83,974899456,97489952768
2025-12-17 14:45,1389.54,1390.25,1391.4,1389.54,992683264,99268345856
2025-12-17 15:00,1390.23,1390.29,1390.68,1389.64,1351019520,135101980672
2025-12-18 09:45,1383.78,1394.96,1395.39,1382.25,3683783680,368378445824
2025-12-18 10:00,1395.09,1397.29,1397.5,1394.58,1750976000,175097610240
2025-12-18 10:15,1397.42,1397.21,1399.81,1396.76,1385774464,138577444864
2025-12-18 10:30,1397.19,1400.77,1401.58,1397.03,1037077184,103707738112
2025-12-18 10:45,1400.82,1397.49,1401.98,1397.47,952356544,95235661824
2025-12-18 11:00,1397.42,1398.28,1398.61,1396.67,674666880,67466706944
2025-12-18 11:15,1398.28,1399.68,1399.86,1397.39,614525696,61452582912
2025-12-18 11:30,1399.71,1398.41,1400.02,1398.41,495396928,49539710976
2025-12-18 13:15,1398.44,1401.29,1401.66,1397.74,798185856,79818604544
2025-12-18 13:30,1401.29,1401.15,1401.56,1400.25,612462976,61246316544
2025-12-18 13:45,1401.16,1396.48,1401.17,1395.82,761557760,76155789312
2025-12-18 14:00,1396.5,1393.88,1396.5,1393.83,748896064,74889625600
2025-12-18 14:15,1393.88,1394.92,1395.67,1393.05,594250880,59425103872
2025-12-18 14:30,1394.93,1393.09,1394.97,1392.57,629253376,62925348864
2025-12-18 14:45,1392.95,1393.61,1394.82,1392.95,762600640,76260073472
2025-12-18 15:00,1393.63,1392.07,1393.75,1392.05,1266283776,126628388864
2025-12-19 09:45,1393.06,1397.61,1398.72,1393.06,3608052736,360805269504
2025-12-19 10:00,1397.51,1400.42,1400.77,1395.89,1806933632,180693368832
2025-12-19 10:15,1400.38,1406.03,1406.76,1399.16,1590409472,159040946176
2025-12-19 10:30,1406.02,1404.86,1406.2,1404.25,1185784064,118578421760
2025-12-19 10:45,1404.87,1404.46,1406.01,1403.87,944361984,94436212736
2025-12-19 11:00,1404.55,1405.24,1405.43,1404.04,730425024,73042518016
2025-12-19 11:15,1405.21,1405.34,1405.43,1404.39,553447232,55344738304
2025-12-19 11:30,1405.42,1408.92,1409.42,1405.16,615605248,61560537088
2025-12-19 13:15,1408.99,1407.29,1409.26,1407.24,813958400,81395859456
2025-12-19 13:30,1407.29,1408.91,1409.07,1406.62,640380416,64038051840
2025-12-19 13:45,1408.84,1409.63,1409.75,1408.64,744959360,74495950848
2025-12-19 14:00,1409.7,1407.82,1410.19,1407.82,654101504,65410166784
2025-12-19 14:15,1407.81,1407.93,1408.0,1405.92,690310272,69031034880
2025-12-19 14:30,1407.95,1409.22,1409.41,1407.95,637072512,63707267072
2025-12-19 14:45,1409.27,1408.63,1409.4,1408.19,844676096,84467630080
2025-12-19 15:00,1408.59,1408.98,1408.98,1407.92,1427005696,142700593152
2025-12-22 09:45,1410.37,1412.64,1414.71,1408.98,18262016,431322955776
2025-12-22 10:00,1412.67,1413.67,1414.64,1410.06,2049765120,204976521216
2025-12-22 10:15,1413.83,1413.16,1414.69,1412.39,1494696192,149469626368
2025-12-22 10:30,1413.14,1414.26,1415.07,1412.89,1086418688,108641894400
2025-12-22 10:45,1414.29,1414.48,1414.85,1413.86,934558464,93455859712
2025-12-22 11:00,1414.52,1415.15,1415.56,1414.13,715146240,71514644480
2025-12-22 11:15,1415.17,1416.02,1416.33,1414.85,727951488,72795160576
2025-12-22 11:30,1416.0,1415.39,1416.11,1415.31,668100864,66810097664
2025-12-22 13:15,1415.44,1413.75,1415.52,1413.34,988730432,98873057280
2025-12-22 13:30,1413.79,1413.84,1414.08,1413.32,855088704,85508882432
2025-12-22 13:45,1413.77,1413.16,1414.03,1413.02,772319616,77231980544
2025-12-22 14:00,1413.18,1412.61,1413.4,1412.41,662861056,66286112768
2025-12-22 14:15,1412.62,1412.76,1413.61,1412.6,636466688,63646687232
2025-12-22 14:30,1412.75,1412.55,1412.81,1412.13,629547392,62954758144
2025-12-22 14:45,1412.55,1410.61,1412.67,1409.79,947926272,94792646656
2025-12-22 15:00,1410.63,1411.49,1411.6,1410.32,1339164288,133916442624
2025-12-23 09:45,1411.49,1404.94,1411.49,1403.74,4100576512,410057637888
2025-12-23 10:00,1404.61,1406.4,1407.55,1402.39,1971586688,197158666240
2025-12-23 10:15,1406.31,1403.79,1407.23,1403.16,1529686528,152968675328
2025-12-23 10:30,1403.9,1402.4,1403.94,1399.71,1388035200,138803527680
2025-12-23 10:45,1402.37,1401.54,1403.06,1401.43,1072508096,107250827264
2025-12-23 11:00,1401.51,1403.06,1403.49,1401.24,866697216,86669729792
2025-12-23 11:15,1403.1,1406.63,1406.96,1402.51,858606528,85860663296
2025-12-23 11:30,1406.5,1406.24,1407.82,1406.14,734876288,73487646720
2025-12-23 13:15,1406.24,1403.95,1406.24,1403.95,923386240,92338634752
2025-12-23 13:30,1403.96,1402.56,1403.97,1402.44,763602176,76360237056
2025-12-23 13:45,1402.66,1403.36,1403.67,1402.11,723918272,72391835648
2025-12-23 14:00,1403.33,1401.08,1403.49,1400.96,724378880,72437899264
2025-12-23 14:15,1401.14,1401.1,1402.33,1400.98,616817664,61681782784
2025-12-23 14:30,1401.13,1399.32,1401.13,1399.32,713471552,71347175424
2025-12-23 14:45,1399.35,1398.02,1399.54,1396.51,1007247552,100724768768
2025-12-23 15:00,1398.02,1400.07,1400.18,1398.02,1218376192,121837641728
2025-12-24 09:45,1400.07,1403.54,1404.69,1395.74,3793599744,379359985664
2025-12-24 10:00,1403.51,1403.24,1404.54,1401.2,2015793920,201579397120
2025-12-24 10:15,1403.22,1401.61,1405.62,1401.55,1523679872,152368005120
2025-12-24 10:30,1401.6,1403.44,1404.38,1401.37,1130747136,113074733056
2025-12-24 10:45,1403.48,1405.06,1405.74,1403.28,848591360,84859158528
2025-12-24 11:00,1405.06,1406.12,1407.81,1404.98,837624448,83762454528
2025-12-24 11:15,1406.12,1408.33,1408.33,1405.87,775778048,77577822208
2025-12-24 11:30,1408.32,1408.34,1408.79,1407.47,666078976,66607915008
2025-12-24 13:15,1408.42,1407.56,1408.6,1407.53,973080896,97308098560
2025-12-24 13:30,1407.55,1409.96,1409.96,1407.37,864235136,86423535616
2025-12-24 13:45,1409.91,1410.65,1411.48,1409.91,944561280,94456152064
2025-12-24 14:00,1410.68,1409.86,1411.66,1409.75,793708288,79370846208
2025-12-24 14:15,1409.86,1411.0,1411.48,1409.86,687141824,68714196992
2025-12-24 14:30,1410.97,1410.9,1411.32,1410.69,700396800,70039691264
2025-12-24 14:45,1410.97,1410.38,1411.47,1410.06,952361920,95236210688
2025-12-24 15:00,1410.33,1411.09,1411.13,1409.98,1465272448,146527256576
2025-12-25 09:45,1411.09,1412.06,1412.85,1408.94,3993038848,399303901184
2025-12-25 10:00,1412.09,1410.16,1413.05,1408.87,2151535360,215153541120
2025-12-25 10:15,1410.11,1409.21,1411.09,1408.98,1737056256,173705658368
2025-12-25 10:30,1409.22,1411.09,1411.09,1409.08,1097595392,109759561728
2025-12-25 10:45,1411.09,1413.39,1413.43,1411.09,975943168,97594335232
2025-12-25 11:00,1413.45,1414.84,1414.84,1413.28,811921472,81192157184
2025-12-25 11:15,1414.77,1414.66,1414.94,1414.06,749800960,74980114432
2025-12-25 11:30,1414.71,1414.93,1414.93,1414.22,602554688,60255485952
2025-12-25 13:15,1415.01,1415.07,1415.15,1413.96,874009600,87400972288
2025-12-25 13:30,1415.13,1418.13,1418.34,1415.08,890407296,89040732160
2025-12-25 13:45,1418.13,1417.74,1418.65,1417.4,862206720,86220685312
2025-12-25 14:00,1417.76,1418.14,1418.4,1417.19,769890304,76989038592
2025-12-25 14:15,1418.03,1420.29,1420.32,1418.03,769561024,76956123136
2025-12-25 14:30,1420.3,1419.65,1420.44,1419.44,714963520,71496368128
2025-12-25 14:45,1419.68,1419.04,1420.0,1418.9,962720768,96272080896
2025-12-25 15:00,1419.13,1418.59,1419.28,1418.07,1476095744,147609583616
2025-12-26 09:45,1418.59,1419.25,1419.52,1415.71,87372800,438233989120
2025-12-26 10:00,1419.24,1418.59,1419.85,1418.53,2227994624,222799478784
2025-12-26 10:15,1418.59,1415.72,1418.59,1415.38,1714831360,171483152384
2025-12-26 10:30,1415.7,1418.59,1418.59,1415.44,1262904832,126290493440
2025-12-26 10:45,1418.59,1419.65,1419.72,1418.59,1110409344,111040937984
2025-12-26 11:00,1419.62,1419.47,1420.83,1419.41,967779648,96777977856
2025-12-26 11:15,1419.54,1418.59,1420.3,1418.59,1014771968,101477220352
2025-12-26 11:30,1418.59,1409.1,1418.59,1406.15,1970820096,197082021888
2025-12-26 13:15,1409.11,1412.3,1412.3,1408.94,1033600320,103360053248
2025-12-26 13:30,1412.46,1413.5,1414.32,1412.46,802198848,80219897856
2025-12-26 13:45,1413.43,1414.2,1414.57,1412.78,774351936,77435207680
2025-12-26 14:00,1414.23,1416.25,1416.36,1414.19,720460672,72046092288
2025-12-26 14:15,1416.23,1413.35,1416.94,1413.33,777644096,77764427776
2025-12-26 14:30,1413.36,1411.3,1413.61,1409.95,831208960,83120914432
2025-12-26 14:45,1411.28,1411.61,1411.9,1410.48,836823424,83682353152
2025-12-26 15:00,1411.68,1411.8,1412.04,1411.08,1382994432,138299457536
2025-12-29 09:45,1411.8,1406.02,1411.8,1406.02,813276672,510824382464
2025-12-29 10:00,1405.85,1407.85,1408.69,1403.59,2409116672,240911679488
2025-12-29 10:15,1407.83,1410.37,1410.69,1407.58,1577259520,157725966336
2025-12-29 10:30,1410.32,1409.14,1411.08,1408.33,1297439744,129743986688
2025-12-29 10:45,1409.16,1409.12,1409.25,1407.54,1162884352,116288446464
2025-12-29 11:00,1409.12,1408.03,1409.68,1408.03,911028608,91102879744
2025-12-29 11:15,1408.08,1407.37,1408.18,1406.98,888105408,88810553344
2025-12-29 11:30,1407.24,1405.83,1407.81,1405.83,724171712,72417189888
2025-12-29 13:15,1405.83,1403.87,1406.02,1402.95,1112579328,111257944064
2025-12-29 13:30,1403.78,1406.61,1406.68,1403.7,837466880,83746701312
2025-12-29 13:45,1406.61,1407.27,1407.95,1406.61,692992832,69299290112
2025-12-29 14:00,1407.18,1407.64,1409.54,1406.68,735368256,73536839680
2025-12-29 14:15,1407.6,1408.03,1408.28,1406.92,826909568,82690981888
2025-12-29 14:30,1407.97,1404.92,1407.98,1404.45,820920832,82092105728
2025-12-29 14:45,1404.98,1404.64,1405.32,1402.65,1101723136,110172323840
2025-12-29 15:00,1404.64,1404.95,1405.5,1404.54,1370683904,137068412928
2025-12-30 09:45,1400.89,1397.1,1400.99,1396.57,129561088,442452803584
2025-12-30 10:00,1397.07,1397.56,1399.24,1395.16,2227572992,222757322752
2025-12-30 10:15,1397.46,1400.28,1400.56,1397.28,1584653568,158465359872
2025-12-30 10:30,1400.31,1402.22,1403.19,1400.29,1299700608,129970077696
2025-12-30 10:45,1402.24,1403.22,1403.53,1402.24,1048174336,104817442816
2025-12-30 11:00,1403.3,1406.02,1406.22,1403.06,854414144,85441429504
2025-12-30 11:15,1406.03,1403.82,1406.54,1403.11,860755200,86075531264
2025-12-30 11:30,1403.63,1404.95,1404.95,1402.87,741827200,74182729728
2025-12-30 13:15,1404.95,1401.5,1404.95,1400.83,1307621632,130762186752
2025-12-30 13:30,1401.5,1404.19,1404.95,1399.45,1348664448,134866468864
2025-12-30 13:45,1404.22,1402.6,1404.54,1401.85,962722816,96272302080
2025-12-30 14:00,1402.54,1400.55,1404.39,1400.55,918638080,91863826432
2025-12-30 14:15,1400.51,1401.19,1401.3,1398.89,877771968,87777214464
2025-12-30 14:30,1401.19,1400.48,1401.47,1400.38,714679040,71467925504
2025-12-30 14:45,1400.49,1398.58,1400.67,1398.37,968108544,96810868736
2025-12-30 15:00,1398.5,1397.85,1398.77,1397.55,1475576960,147557711872
2025-12-31 09:45,1397.93,1390.9,1399.96,1390.9,163974656,445894164480
2025-12-31 10:00,1390.85,1389.31,1394.59,1389.27,2330841344,233084141568
2025-12-31 10:15,1389.27,1391.59,1392.48,1388.29,1665666048,166566592512
2025-12-31 10:30,1391.54,1394.15,1394.37,1391.51,1199831040,119983128576
2025-12-31 10:45,1394.11,1394.9,1396.53,1393.56,1080693888,108069404672
2025-12-31 11:00,1394.83,1395.69,1396.1,1394.59,950421632,95042174976
2025-12-31 11:15,1395.63,1395.82,1397.15,1394.78,841863936,84186398720
2025-12-31 11:30,1395.86,1395.12,1397.09,1394.99,721554688,72155488256
2025-12-31 13:15,1395.01,1395.15,1395.2,1392.9,1094450944,109445103616
2025-12-31 13:30,1395.2,1397.85,1397.85,1395.2,886559936,88656003072
2025-12-31 13:45,1397.85,1397.18,1397.85,1396.95,772774592,77277462528
2025-12-31 14:00,1397.11,1396.92,1397.85,1396.43,729467136,72946728960
2025-12-31 14:15,1396.84,1398.38,1399.06,1396.7,735061888,73506201600
2025-12-31 14:30,1398.44,1397.85,1399.04,1397.85,722884224,72288436224
2025-12-31 14:45,1397.85,1397.85,1397.85,1396.11,1007530624,100753080320
2025-12-31 15:00,1397.85,1396.91,1397.85,1396.69,1459848960,145984913408
2026-01-05 09:45,1398.84,1401.6,1402.85,1398.19,1618319360,591328706560
2026-01-05 10:00,1401.64,1405.95,1406.15,1401.63,2621544448,262154452992
2026-01-05 10:15,1405.97,1405.79,1407.4,1405.58,1943712384,194371256320
2026-01-05 10:30,1405.72,1409.03,1409.11,1405.61,1551374848,155137507328
2026-01-05 10:45,1409.05,1409.19,1409.59,1408.09,1375294720,137529475072
2026-01-05 11:00,1409.18,1409.2,1410.84,1408.88,1203061760,120306188288
2026-01-05 11:15,1409.22,1410.14,1410.47,1409.06,1011926336,101192646656
2026-01-05 11:30,1410.21,1410.56,1410.7,1409.92,869346112,86934626304
2026-01-05 13:15,1410.72,1411.68,1411.76,1409.91,1333214336,133321449472
2026-01-05 13:30,1411.61,1411.29,1411.61,1410.09,1198579200,119857930240
2026-01-05 13:45,1411.32,1411.04,1411.66,1410.99,935514752,93551484928
2026-01-05 14:00,1411.05,1412.04,1412.14,1410.73,978020864,97802100736
2026-01-05 14:15,1411.9,1412.26,1412.38,1410.98,989303168,98930327552
2026-01-05 14:30,1412.32,1411.97,1412.43,1411.87,911318528,91131871232
2026-01-05 14:45,1412.01,1411.67,1412.22,1411.01,1124072192,112407232512
2026-01-05 15:00,1411.67,1413.13,1413.13,1411.45,1713318656,171331878912
2026-01-06 09:45,1413.13,1418.21,1419.51,1413.13,1314122752,560908992512
2026-01-06 10:00,1418.18,1421.39,1421.53,1417.6,3220235264,322023522304
2026-01-06 10:15,1421.4,1422.47,1423.03,1421.28,2390701568,239070150656
2026-01-06 10:30,1422.32,1420.89,1423.62,1420.89,1863310592,186331070464
2026-01-06 10:45,1420.92,1416.15,1420.92,1415.5,1758904960,175890497536
2026-01-06 11:00,1416.23,1418.97,1419.24,1415.93,1198545280,119854546944
2026-01-06 11:15,1419.13,1419.13,1419.47,1418.03,1003314368,100331454464
2026-01-06 11:30,1419.2,1420.06,1420.38,1419.05,917864320,91786436608
2026-01-06 13:15,1420.27,1420.47,1420.82,1419.44,1541661184,154166116352
2026-01-06 13:30,1420.51,1421.13,1421.46,1420.5,1258219520,125821976576
2026-01-06 13:45,1421.24,1417.8,1421.45,1417.8,1276802816,127680290816
2026-01-06 14:00,1417.82,1420.78,1420.89,1416.87,1100607488,110060756992
2026-01-06 14:15,1420.74,1422.97,1422.97,1420.64,944110592,94411079680
2026-01-06 14:30,1422.97,1423.27,1423.84,1422.97,1145711744,114571198464
2026-01-06 14:45,1423.35,1423.49,1423.81,1423.1,1275474176,127547441152
2026-01-06 15:00,1423.5,1425.03,1425.03,1423.21,1818696448,181869674496
2026-01-07 09:45,1425.03,1425.03,1425.03,1420.74,2116159488,641112670208
2026-01-07 10:00,1425.03,1425.03,1425.95,1425.03,2994343424,299434344448
2026-01-07 10:15,1425.03,1423.89,1425.03,1423.49,2288669952,228866998272
2026-01-07 10:30,1423.91,1418.57,1423.98,1416.56,2303480576,230348062720
2026-01-07 10:45,1418.54,1420.2,1420.29,1418.51,1362265472,136226553856
2026-01-07 11:00,1420.19,1420.36,1420.56,1419.51,1154218880,115421904896
2026-01-07 11:15,1420.29,1421.21,1421.91,1420.29,1068049472,106804969472
2026-01-07 11:30,1421.21,1424.32,1424.93,1421.19,954929600,95492980736
2026-01-07 13:15,1424.3,1425.03,1425.03,1422.82,1552499968,155249999872
2026-01-07 13:30,1425.03,1420.11,1425.03,1419.85,1529016192,152901648384
2026-01-07 13:45,1420.1,1418.11,1421.61,1417.78,1328392960,132839317504
2026-01-07 14:00,1418.11,1420.18,1420.19,1417.77,1058425088,105842524160
2026-01-07 14:15,1420.19,1422.09,1422.13,1420.14,938444544,93844471808
2026-01-07 14:30,1422.1,1420.97,1422.25,1420.96,878827584,87882776576
2026-01-07 14:45,1421.05,1418.03,1421.05,1417.68,1227760512,122776068096
2026-01-07 15:00,1418.13,1419.45,1419.55,1418.13,1765954432,176595468288
2026-01-08 09:45,1416.73,1417.91,1419.45,1415.43,1526185984,582115262464
2026-01-08 10:00,1417.79,1423.87,1423.96,1417.76,2889132800,288913293312
2026-01-08 10:15,1423.82,1423.39,1424.93,1423.07,2145822080,214582214656
2026-01-08 10:30,1423.35,1425.05,1425.29,1423.24,1805119232,180511932416
2026-01-08 10:45,1425.09,1426.64,1426.64,1424.86,1508423168,150842327040
2026-01-08 11:00,1426.56,1427.98,1428.52,1426.5,1276635136,127663521792
2026-01-08 11:15,1427.98,1425.42,1428.12,1425.42,1361343616,136134377472
2026-01-08 11:30,1425.43,1428.39,1428.39,1424.75,1007852160,100785242112
2026-01-08 13:15,1428.41,1428.84,1429.56,1428.19,1432826496,143282651136
2026-01-08 13:30,1428.83,1430.69,1431.24,1428.8,1114087808,111408791552
2026-01-08 13:45,1430.7,1429.37,1430.7,1427.98,1241278464,124127854592
2026-01-08 14:00,1429.38,1430.92,1430.97,1428.21,1088074880,108807503872
2026-01-08 14:15,1430.9,1424.49,1431.72,1424.4,1477605888,147760611328
2026-01-08 14:30,1424.44,1428.14,1428.24,1424.25,1163553280,116355342336
2026-01-08 14:45,1428.14,1428.15,1429.17,1427.87,1156987136,115698728960
2026-01-08 15:00,1428.23,1429.13,1429.13,1427.69,1773679232,177367941120
2026-01-09 09:45,1429.13,1431.21,1432.0,1429.13,2213797888,650876551168
2026-01-09 10:00,1431.32,1433.86,1434.0,1430.46,3214809856,321481015296
2026-01-09 10:15,1433.89,1435.02,1435.39,1433.56,2464109312,246410952704
2026-01-09 10:30,1435.03,1434.42,1436.74,1433.51,2100174336,210017452032
2026-01-09 10:45,1434.38,1436.3,1436.31,1434.37,1651116544,165111676928
2026-01-09 11:00,1436.27,1435.66,1436.78,1434.86,1505921536,150592159744
2026-01-09 11:15,1435.66,1431.86,1435.66,1429.13,1903367936,190336811008
2026-01-09 11:30,1431.78,1427.09,1431.81,1426.69,1471438592,147143884800
2026-01-09 13:15,1427.07,1429.13,1429.13,1425.66,1623847040,162384707584
2026-01-09 13:30,1429.13,1429.36,1429.62,1427.86,1248765824,124876603392
2026-01-09 13:45,1429.45,1432.09,1432.45,1429.13,1088690816,108869099520
2026-01-09 14:00,1432.13,1433.16,1433.17,1431.34,1025455232,102545522688
2026-01-09 14:15,1433.32,1434.54,1434.88,1433.32,1042283712,104228388864
2026-01-09 14:30,1434.57,1436.48,1436.87,1434.12,1099136768,109913686016
2026-01-09 14:45,1436.55,1437.71,1438.32,1435.78,1429332224,142933229568
2026-01-09 15:00,1437.62,1438.83,1438.83,1437.2,2147027712,214702784512
2026-01-12 09:45,1440.96,1438.83,1443.15,1437.74,4196657664,849162534912
2026-01-12 10:00,1438.83,1438.83,1440.62,1438.07,3993912320,399391260672
2026-01-12 10:15,1438.83,1442.79,1442.86,1438.83,2753039360,275303956480
2026-01-12 10:30,1442.9,1442.91,1443.28,1442.34,2123190528,212319076352
2026-01-12 10:45,1442.72,1445.86,1445.86,1441.75,1804025856,180402585600
2026-01-12 11:00,1445.84,1446.81,1446.83,1445.62,1442532864,144253288448
2026-01-12 11:15,1446.81,1448.14,1448.14,1446.09,1364286208,136428634112
2026-01-12 11:30,1448.01,1451.4,1451.4,1448.01,1351574784,135157497856
2026-01-12 13:15,1451.42,1449.87,1453.87,1449.87,2302740480,230274072576
2026-01-12 13:30,1449.69,1450.93,1450.93,1446.65,1725744000,172574408704
2026-01-12 13:45,1450.9,1451.4,1452.21,1450.75,1264660608,126466072576
2026-01-12 14:00,1451.41,1453.7,1453.7,1451.41,1231087360,123108753408
2026-01-12 14:15,1453.73,1454.8,1454.96,1453.6,1275067264,127506735104
2026-01-12 14:30,1454.89,1456.43,1456.43,1454.38,1320838016,132083810304
2026-01-12 14:45,1456.36,1454.97,1456.47,1453.05,1714796160,171479629824
2026-01-12 15:00,1454.95,1457.23,1457.23,1454.87,2287645440,228764549120
2026-01-13 09:45,1457.23,1449.22,1457.68,1441.87,689964032,927990022144
2026-01-13 10:00,1449.26,1455.6,1456.0,1449.13,30925824,432589340672
2026-01-13 10:15,1455.67,1453.76,1457.23,1453.76,2665251072,266525114368
2026-01-13 10:30,1453.54,1454.9,1455.25,1451.16,2208840192,220884008960
2026-01-13 10:45,1454.71,1455.71,1455.79,1450.19,1962069760,196206985216
2026-01-13 11:00,1455.57,1457.23,1457.23,1455.52,1437868288,143786852352
2026-01-13 11:15,1457.23,1457.63,1458.4,1457.23,1354798848,135479885824
2026-01-13 11:30,1457.23,1454.82,1457.23,1454.65,1449858176,144985817088
2026-01-13 13:15,1454.81,1449.9,1455.71,1449.9,1582773888,158277402624
2026-01-13 13:30,1449.99,1447.99,1450.0,1446.91,1469464960,146946523136
2026-01-13 13:45,1448.25,1451.33,1451.33,1445.68,1294020608,129402077184
2026-01-13 14:00,1451.24,1454.58,1455.18,1450.83,1241939456,124193947648
2026-01-13 14:15,1454.54,1449.81,1454.54,1449.05,1248782592,124878274560
2026-01-13 14:30,1449.7,1447.3,1450.75,1447.3,1179293440,117929345024
2026-01-13 14:45,1447.23,1441.77,1449.05,1441.72,1901445376,190144561152
2026-01-13 15:00,1441.76,1442.16,1442.45,1439.09,2385958144,238595850240
2026-01-14 09:45,1442.16,1451.32,1451.39,1442.16,2624786432,691975487488
2026-01-14 10:00,1451.36,1452.32,1452.35,1448.4,3869780224,386978021376
2026-01-14 10:15,1452.28,1454.2,1455.01,1451.98,2881472512,288147243008
2026-01-14 10:30,1454.16,1458.06,1458.06,1454.07,2359359232,235935940608
2026-01-14 10:45,1458.1,1458.92,1458.92,1457.26,2007949568,200794963968
2026-01-14 11:00,1458.9,1458.98,1459.58,1457.56,1694105344,169410560000
2026-01-14 11:15,1459.05,1460.51,1461.11,1458.82,1434765696,143476588544
2026-01-14 11:30,1460.48,1462.54,1462.54,1460.19,1292807168,129280737280
2026-01-14 13:15,1462.54,1442.16,1462.54,1442.16,4007836928,400783704064
2026-01-14 13:30,1442.16,1442.16,1444.66,1436.02,2808963072,280896307200
2026-01-14 13:45,1442.16,1439.85,1445.27,1439.83,1866705152,186670546944
2026-01-14 14:00,1439.73,1429.92,1439.75,1429.92,2023208960,202320904192
2026-01-14 14:15,1429.76,1437.64,1437.85,1426.48,2054390912,205439107072
2026-01-14 14:30,1437.79,1443.2,1443.2,1437.79,1222902272,122290241536
2026-01-14 14:45,1443.24,1440.89,1443.96,1438.64,1414091008,141409107968
2026-01-14 15:00,1440.94,1442.78,1442.78,1440.82,2010859392,201085943808
2026-01-15 09:45,1436.35,1440.44,1443.33,1434.38,2603024896,689799299072
2026-01-15 10:00,1440.36,1442.78,1444.2,1438.06,3045172224,304517251072
2026-01-15 10:15,1442.78,1437.15,1442.78,1435.72,2599081984,259908173824
2026-01-15 10:30,1437.23,1434.63,1439.39,1434.58,1812370816,181237104640
2026-01-15 10:45,1434.74,1434.76,1437.31,1433.83,1435966848,143596699648
2026-01-15 11:00,1434.69,1433.94,1436.77,1433.94,1130874368,113087455232
2026-01-15 11:15,1433.87,1433.98,1435.89,1431.9,1018416512,101841666048
2026-01-15 11:30,1433.94,1431.61,1434.43,1429.99,1013120640,101312069632
2026-01-15 13:15,1431.62,1435.24,1435.42,1430.64,1427070592,142707081216
2026-01-15 13:30,1435.34,1436.37,1436.52,1433.07,1128817408,112881762304
2026-01-15 13:45,1436.37,1435.65,1436.57,1434.34,1040702912,104070307840
2026-01-15 14:00,1435.68,1436.85,1438.64,1435.68,1066826240,106682638336
2026-01-15 14:15,1436.95,1433.35,1437.13,1432.59,1186472576,118647275520
2026-01-15 14:30,1433.44,1435.94,1437.7,1431.62,1294193792,129419395072
2026-01-15 14:45,1436.03,1435.53,1436.3,1433.48,1395502080,139550212096
2026-01-15 15:00,1435.54,1437.47,1437.47,1435.11,1892353920,189235412992
2026-01-16 09:45,1441.61,1437.47,1444.1,1436.43,2325120000,662008758272
2026-01-16 10:00,1437.47,1435.17,1438.57,1434.68,3299891200,329989095424
2026-01-16 10:15,1435.27,1434.11,1435.73,1431.86,2598530560,259853090816
2026-01-16 10:30,1434.11,1430.37,1435.9,1429.6,2051523840,205152403456
2026-01-16 10:45,1430.42,1430.55,1432.05,1429.13,1651018752,165101895680
2026-01-16 11:00,1430.53,1429.13,1430.71,1428.57,1538205312,153820545024
2026-01-16 11:15,1429.11,1430.29,1433.46,1429.05,1319519488,131951960064
2026-01-16 11:30,1430.23,1430.09,1432.83,1429.94,1023802880,102380306432
2026-01-16 13:15,1430.3,1431.26,1431.82,1429.64,1558089728,155808989184
2026-01-16 13:30,1431.19,1433.8,1434.6,1430.57,1141010176,114101035008
2026-01-16 13:45,1433.66,1436.69,1437.47,1433.46,1216345344,121634537472
2026-01-16 14:00,1436.73,1436.28,1437.47,1434.89,1245503488,124550348800
2026-01-16 14:15,1436.35,1433.92,1436.35,1433.63,1170556032,117055610880
2026-01-16 14:30,1433.92,1434.02,1434.5,1432.89,915637376,91563745280
2026-01-16 14:45,1434.0,1432.2,1434.12,1431.78,1325639680,132563984384
2026-01-16 15:00,1432.21,1433.19,1433.19,1431.7,1889941504,188994174976
2026-01-19 09:45,1430.73,1436.49,1437.75,1428.34,2110861312,640582811648
2026-01-19 10:00,1436.47,1439.84,1439.84,1435.37,2973330432,297333063680
2026-01-19 10:15,1439.94,1441.43,1441.82,1439.04,2292476416,229247647744
2026-01-19 10:30,1441.37,1441.82,1442.35,1440.15,1664993792,166499401728
2026-01-19 10:45,1441.53,1438.85,1441.67,1437.57,1474058624,147405881344
2026-01-19 11:00,1439.0,1442.12,1442.28,1439.0,1183743360,118374359040
2026-01-19 11:15,1442.05,1443.08,1443.18,1441.92,1022900096,102290022400
2026-01-19 11:30,1443.02,1440.75,1443.35,1440.65,1048166976,104816705536
2026-01-19 13:15,1440.87,1442.43,1442.67,1440.12,1243657088,124365733888
2026-01-19 13:30,1442.46,1442.03,1442.93,1441.82,1044844608,104484478976
2026-01-19 13:45,1442.04,1440.65,1442.82,1440.65,1074214784,107421483008
2026-01-19 14:00,1440.65,1439.18,1441.28,1437.97,1082533376,108253356032
2026-01-19 14:15,1438.91,1442.32,1442.32,1438.41,919092992,91909308416
2026-01-19 14:30,1442.36,1442.65,1442.94,1441.69,872614016,87261413376
2026-01-19 14:45,1442.83,1442.26,1442.99,1441.42,1175186816,117518696448
2026-01-19 15:00,1442.25,1444.16,1444.26,1442.13,1844628480,184462868480
2026-01-20 09:45,1444.16,1441.54,1446.58,1440.29,1546740224,584170733568
2026-01-20 10:00,1441.66,1444.16,1445.99,1441.66,3184511744,318451220480
2026-01-20 10:15,1444.16,1440.04,1444.72,1439.99,2429245696,242924568576
2026-01-20 10:30,1439.96,1434.37,1440.0,1432.06,2562427392,256242745344
2026-01-20 10:45,1434.42,1438.93,1439.84,1433.14,1586199424,158619942912
2026-01-20 11:00,1438.94,1436.47,1439.43,1436.07,1181941888,118194192384
2026-01-20 11:15,1436.64,1438.1,1438.1,1434.93,937908480,93790855168
2026-01-20 11:30,1438.19,1436.36,1440.5,1436.19,931006464,93100662784
2026-01-20 13:15,1436.44,1434.49,1436.44,1433.01,1326187136,132618731520
2026-01-20 13:30,1434.34,1436.84,1436.97,1432.91,1086512768,108651290624
2026-01-20 13:45,1436.84,1436.38,1437.11,1433.88,964454272,96445440000
2026-01-20 14:00,1436.34,1435.35,1439.06,1435.3,973866560,97386668032
2026-01-20 14:15,1435.25,1435.27,1435.27,1433.05,996602752,99660283904
2026-01-20 14:30,1435.46,1432.8,1436.01,1432.41,1028320640,102832078848
2026-01-20 14:45,1432.86,1433.17,1433.52,1429.55,1335523200,133552340992
2026-01-20 15:00,1433.31,1438.32,1438.32,1433.31,1676045568,167604568064
2026-01-21 09:45,1431.64,1437.53,1438.32,1425.83,922658816,521762603008
2026-01-21 10:00,1437.56,1436.97,1438.32,1433.43,2775812352,277581234176
2026-01-21 10:15,1436.95,1441.45,1441.78,1436.4,2098703360,209870356480
2026-01-21 10:30,1441.36,1443.01,1443.16,1441.1,1646212736,164621303808
2026-01-21 10:45,1443.02,1442.32,1443.19,1440.4,1408937984,140893798400
2026-01-21 11:00,1442.23,1440.2,1442.29,1439.31,1195708160,119570825216
2026-01-21 11:15,1440.18,1442.51,1442.74,1440.18,1065092608,106509271040
2026-01-21 11:30,1442.52,1440.73,1443.18,1440.54,1050175552,105017573376
2026-01-21 13:15,1440.83,1438.52,1442.03,1438.32,1332583680,133258387456
2026-01-21 13:30,1438.56,1439.1,1439.49,1438.32,1085524352,108552454144
2026-01-21 13:45,1439.12,1442.11,1442.5,1438.32,981627712,98162786304
2026-01-21 14:00,1442.11,1443.27,1443.65,1442.11,942121280,94212145152
2026-01-21 14:15,1443.25,1442.71,1443.56,1441.71,1033408768,103340892160
2026-01-21 14:30,1442.71,1440.55,1443.28,1440.17,1228765184,122876526592
2026-01-21 14:45,1440.61,1440.39,1442.16,1440.07,1296432128,129643225088
2026-01-21 15:00,1440.47,1442.91,1442.91,1440.35,1878736000,187873607680
2026-01-22 09:45,1443.65,1444.31,1446.1,1441.76,1665468416,596043563008
2026-01-22 10:00,1444.39,1446.89,1446.89,1443.88,3061539840,306153979904
2026-01-22 10:15,1446.86,1447.03,1448.88,1446.45,2375388416,237538836480
2026-01-22 10:30,1446.96,1448.01,1448.98,1445.85,1920965632,192096567296
2026-01-22 10:45,1447.93,1449.18,1449.97,1447.27,1384629760,138463002624
2026-01-22 11:00,1449.23,1449.85,1450.04,1448.53,1175445248,117544550400
2026-01-22 11:15,1449.87,1447.74,1450.11,1447.26,1091591552,109159178240
2026-01-22 11:30,1447.88,1447.29,1447.88,1446.31,926560512,92656066560
2026-01-22 13:15,1447.36,1448.43,1448.43,1446.11,1225206528,122520666112
2026-01-22 13:30,1448.41,1447.43,1449.07,1446.93,1008078592,100807868416
2026-01-22 13:45,1447.43,1448.72,1449.08,1447.22,911908352,91190853632
2026-01-22 14:00,1448.78,1449.93,1450.03,1448.52,922687232,92268740608
2026-01-22 14:15,1449.91,1448.13,1450.59,1447.78,1060543744,106054385664
2026-01-22 14:30,1448.28,1450.39,1450.4,1447.75,937873600,93787373568
2026-01-22 14:45,1450.39,1449.45,1450.47,1448.69,1279779968,127978012672
2026-01-22 15:00,1449.54,1451.87,1451.87,1449.08,1921451904,192145195008
2026-01-23 09:45,1452.9,1454.69,1455.34,1451.87,1848305152,614327255040
2026-01-23 10:00,1454.73,1455.38,1457.09,1454.19,3136825344,313682558976
2026-01-23 10:15,1455.27,1458.35,1458.57,1454.81,2303913728,230391382016
2026-01-23 10:30,1458.29,1456.65,1458.39,1455.97,1922386688,192238682112
2026-01-23 10:45,1456.64,1457.63,1458.16,1456.12,1658211968,165821218816
2026-01-23 11:00,1457.63,1457.42,1457.99,1457.2,1380030336,138003054592
2026-01-23 11:15,1457.42,1455.79,1458.64,1455.77,1439960064,143996026880
2026-01-23 11:30,1455.82,1459.34,1459.34,1455.53,1151443072,115144327168
2026-01-23 13:15,1459.28,1461.14,1461.25,1459.25,1705462528,170546282496
2026-01-23 13:30,1461.06,1460.83,1461.57,1460.08,1434768000,143476801536
2026-01-23 13:45,1460.78,1461.03,1462.34,1460.6,1309626624,130962661376
2026-01-23 14:00,1461.04,1462.56,1462.69,1460.84,1206078592,120607883264
2026-01-23 14:15,1462.58,1462.47,1463.81,1461.72,1350908928,135090913280
2026-01-23 14:30,1462.62,1463.6,1464.18,1462.56,1111043456,111104360448
2026-01-23 14:45,1463.51,1462.71,1463.59,1460.37,1783960960,178396102656
2026-01-23 15:00,1462.76,1464.94,1464.94,1462.63,2143182080,214318219264
2026-01-26 09:45,1464.94,1452.61,1465.44,1452.61,3705105408,800007258112
2026-01-26 10:00,1452.53,1447.57,1452.9,1445.82,4168989184,416898908160
2026-01-26 10:15,1447.36,1446.97,1450.67,1446.45,2734275584,273427578880
2026-01-26 10:30,1446.74,1446.1,1447.31,1443.45,2332801536,233280159744
2026-01-26 10:45,1446.08,1447.61,1450.29,1444.49,1748805760,174880587776
2026-01-26 11:00,1447.65,1446.98,1449.86,1445.79,1515598080,151559831552
2026-01-26 11:15,1446.93,1450.39,1450.53,1446.34,1260072960,126007304192
2026-01-26 11:30,1450.48,1448.6,1450.6,1448.56,870682368,87068246016
2026-01-26 13:15,1448.2,1444.91,1448.78,1444.71,1387408896,138740908032
2026-01-26 13:30,1444.88,1440.09,1445.38,1440.09,1155675136,115567542272
2026-01-26 13:45,1440.11,1436.89,1440.22,1436.4,1209576704,120957681664
2026-01-26 14:00,1436.82,1438.95,1440.5,1435.22,1113885568,111388565504
2026-01-26 14:15,1438.86,1439.96,1441.06,1436.31,984364544,98436481024
2026-01-26 14:30,1439.83,1445.68,1445.68,1439.14,1041434624,104143486976
2026-01-26 14:45,1445.66,1446.8,1447.84,1445.08,1360126848,136012701696
2026-01-26 15:00,1446.95,1445.22,1447.52,1445.22,1922680960,192268107776
2026-01-27 09:45,1441.77,1424.06,1443.09,1424.02,1939900928,623486828544
2026-01-27 10:00,1424.07,1407.74,1424.09,1407.52,3776558592,377655853056
2026-01-27 10:15,1407.49,1418.32,1419.7,1407.25,2530315264,253031546880
2026-01-27 10:30,1418.34,1415.73,1419.56,1414.26,1907797376,190779736064
2026-01-27 10:45,1415.77,1420.59,1420.97,1414.5,1566016640,156601679872
2026-01-27 11:00,1420.63,1416.93,1420.99,1415.08,1187051520,118705160192
2026-01-27 11:15,1417.01,1417.75,1419.44,1416.19,886697472,88669765632
2026-01-27 11:30,1417.68,1419.75,1419.87,1417.21,815757952,81575804928
2026-01-27 13:15,1419.8,1427.57,1427.63,1419.65,1445501184,144550133760
2026-01-27 13:30,1427.67,1428.64,1429.03,1426.22,1230123008,123012333568
2026-01-27 13:45,1428.71,1432.3,1432.3,1428.71,1043924608,104392474624
2026-01-27 14:00,1432.35,1437.24,1437.85,1432.24,1281133952,128113426432
2026-01-27 14:15,1437.24,1436.03,1438.79,1434.82,1178636800,117863694336
2026-01-27 14:30,1436.01,1437.03,1437.03,1434.5,937242496,93724262400
2026-01-27 14:45,1437.0,1436.37,1437.77,1434.39,1314523904,131452403712
2026-01-27 15:00,1436.24,1435.8,1436.57,1434.88,1878579968,187858010112
2026-01-28 09:45,1434.93,1432.85,1436.76,1430.1,1829738496,612470620160
2026-01-28 10:00,1432.93,1427.15,1432.93,1425.86,3287559168,328755970048
2026-01-28 10:15,1427.23,1421.89,1427.51,1421.89,2565256704,256525697024
2026-01-28 10:30,1421.9,1426.51,1426.9,1421.41,1956900352,195690037248
2026-01-28 10:45,1426.43,1424.33,1426.83,1423.37,1752566784,175256698880
2026-01-28 11:00,1424.21,1422.28,1425.2,1422.28,1340805632,134080577536
2026-01-28 11:15,1422.3,1422.37,1423.84,1421.79,1212601856,121260195840
2026-01-28 11:30,1422.31,1425.39,1425.39,1422.01,1066570432,106657054720
2026-01-28 13:15,1425.49,1425.61,1428.42,1423.7,1742495744,174249590784
2026-01-28 13:30,1425.63,1424.02,1425.85,1423.35,1210761600,121076170752
2026-01-28 13:45,1424.0,1423.27,1424.68,1422.72,998412416,99841261568
2026-01-28 14:00,1423.35,1420.61,1423.62,1420.61,1002396032,100239622144
2026-01-28 14:15,1420.3,1422.4,1422.67,1420.02,1028110592,102811074560
2026-01-28 14:30,1422.39,1421.88,1422.39,1421.48,1080796672,108079677440
2026-01-28 14:45,1421.89,1419.76,1424.21,1419.56,1566406656,156640706560
2026-01-28 15:00,1419.76,1420.84,1421.25,1419.58,1986584704,198658490368
2026-01-29 09:45,1416.65,1420.84,1421.34,1404.46,2777243136,707221061632
2026-01-29 10:00,1420.84,1424.0,1424.1,1417.52,3474360832,347436089344
2026-01-29 10:15,1424.0,1426.19,1427.49,1421.58,2589527552,258952757248
2026-01-29 10:30,1426.13,1422.77,1426.13,1422.77,1969293312,196929355776
2026-01-29 10:45,1422.59,1423.98,1424.31,1422.53,1378337792,137833807872
2026-01-29 11:00,1424.0,1424.45,1425.14,1422.62,1367701376,136770142208
2026-01-29 11:15,1424.44,1420.84,1424.79,1420.84,1256958464,125695852544
2026-01-29 11:30,1420.84,1419.21,1421.56,1418.76,1241016960,124101713920
2026-01-29 13:15,1419.2,1419.02,1420.84,1416.0,1813934336,181393457152
2026-01-29 13:30,1418.96,1413.51,1419.9,1413.51,1291526656,129152688128
2026-01-29 13:45,1413.53,1414.83,1416.51,1412.37,1321104128,132110434304
2026-01-29 14:00,1414.78,1407.68,1414.82,1407.14,1493608320,149360836608
2026-01-29 14:15,1407.68,1403.07,1409.25,1403.07,1451156608,145115676672
2026-01-29 14:30,1403.0,1410.25,1412.61,1402.68,1365065600,136506589184
2026-01-29 14:45,1410.16,1409.25,1410.22,1407.38,1453238528,145323851776
2026-01-29 15:00,1409.04,1407.47,1409.35,1407.22,2055243264,205524336640
2026-01-30 09:45,1402.2,1404.95,1408.92,1395.01,2239816704,653478395904
2026-01-30 10:00,1404.68,1402.48,1410.15,1402.37,3145309696,314530988032
2026-01-30 10:15,1402.56,1397.81,1402.61,1397.76,2425682944,242568331264
2026-01-30 10:30,1397.58,1391.13,1397.58,1391.13,1982955648,198295584768
2026-01-30 10:45,1391.05,1396.0,1396.92,1383.07,2064983936,206498414592
2026-01-30 11:00,1395.96,1392.77,1396.77,1390.37,1308429440,130842968064
2026-01-30 11:15,1392.77,1393.6,1394.59,1390.8,1120374912,112037494784
2026-01-30 11:30,1393.68,1393.6,1394.4,1391.17,931310080,93131030528
2026-01-30 13:15,1393.63,1401.85,1401.85,1393.63,1525121664,152512184320
2026-01-30 13:30,1401.84,1404.94,1404.94,1401.42,1128350976,112835117056
2026-01-30 13:45,1404.97,1405.57,1406.02,1403.23,1015848704,101584879616
2026-01-30 14:00,1405.51,1406.33,1409.27,1404.91,980868480,98086862848
2026-01-30 14:15,1406.28,1407.47,1408.46,1405.15,847492480,84749254656
2026-01-30 14:30,1407.47,1405.3,1407.47,1404.81,866548096,86654812160
2026-01-30 14:45,1405.2,1405.62,1406.19,1404.41,1035025088,103502528512
2026-01-30 15:00,1405.6,1404.47,1405.67,1404.47,1711165952,171116609536
2026-02-02 09:45,1398.8,1401.56,1407.1,1397.88,1987010048,628197818368
2026-02-02 10:00,1401.03,1399.84,1401.03,1394.1,3033678848,303367913472
2026-02-02 10:15,1399.73,1399.26,1402.23,1398.13,1970373504,197037359104
2026-02-02 10:30,1398.94,1400.56,1402.35,1398.23,1515083392,151508353024
2026-02-02 10:45,1400.57,1400.47,1401.04,1399.35,1055709312,105570942976
2026-02-02 11:00,1400.48,1397.6,1402.48,1397.36,984784960,98478505984
2026-02-02 11:15,1397.64,1399.1,1399.15,1395.53,863407424,86340747264
2026-02-02 11:30,1399.14,1395.1,1401.17,1394.97,864128000,86412820480
2026-02-02 13:15,1394.97,1397.6,1398.14,1394.69,1191627392,119162748928
2026-02-02 13:30,1397.61,1393.96,1397.73,1393.79,915061312,91506139136
2026-02-02 13:45,1394.03,1391.09,1394.5,1391.09,959503104,95950315520
2026-02-02 14:00,1391.28,1392.78,1392.88,1385.13,1222562048,122256203776
2026-02-02 14:15,1392.9,1390.49,1396.12,1389.31,894391296,89439158272
2026-02-02 14:30,1390.37,1384.62,1390.37,1384.41,974999424,97499955200
2026-02-02 14:45,1384.6,1379.78,1385.49,1379.78,1337953536,133795364864
2026-02-02 15:00,1379.76,1374.96,1380.53,1374.89,2001156352,200115650560
2026-02-03 09:45,1386.51,1388.62,1391.18,1384.04,1147927552,544289456128
2026-02-03 10:00,1388.48,1390.28,1390.28,1383.37,2545888000,254588813312
2026-02-03 10:15,1390.51,1390.36,1392.61,1389.78,2065937664,206593785856
2026-02-03 10:30,1390.42,1388.29,1392.2,1387.99,1558833536,155883372544
2026-02-03 10:45,1388.26,1383.02,1388.28,1383.02,1405203584,140520390656
2026-02-03 11:00,1383.1,1386.78,1386.92,1381.12,1217761920,121776209920
2026-02-03 11:15,1386.83,1386.65,1387.79,1386.11,892902656,89290285056
2026-02-03 11:30,1386.69,1392.0,1392.0,1386.5,1039961088,103996129280
2026-02-03 13:15,1392.09,1390.93,1392.83,1390.11,1268542080,126854217728
2026-02-03 13:30,1390.93,1391.94,1392.26,1390.9,995483776,99548397568
2026-02-03 13:45,1392.02,1395.37,1395.56,1391.97,1106459008,110645919744
2026-02-03 14:00,1395.32,1395.47,1396.21,1394.47,970069120,97006911488
2026-02-03 14:15,1395.54,1397.18,1397.57,1394.42,1029912960,102991314944
2026-02-03 14:30,1397.18,1398.0,1398.67,1397.06,1059916928,105991708672
2026-02-03 14:45,1397.99,1399.21,1399.67,1397.05,1294452224,129445232640
2026-02-03 15:00,1399.22,1400.85,1400.87,1398.87,1761939968,176194027520
2026-02-04 09:45,1398.94,1401.94,1404.04,1395.65,1730600448,602556727296
2026-02-04 10:00,1401.95,1404.07,1404.81,1399.06,3009005056,300900548608
2026-02-04 10:15,1404.17,1404.41,1406.65,1403.73,1869090048,186909032448
2026-02-04 10:30,1404.31,1403.78,1405.4,1403.75,1399768576,139976884224
2026-02-04 10:45,1403.68,1404.1,1405.05,1402.94,1261565952,126156603392
2026-02-04 11:00,1404.02,1400.85,1404.3,1400.85,955142528,95514263552
2026-02-04 11:15,1400.85,1399.49,1401.69,1399.49,916586240,91658633216
2026-02-04 11:30,1399.45,1398.14,1400.85,1397.47,860060288,86006038528
2026-02-04 13:15,1398.18,1395.18,1399.26,1395.09,1277754496,127775465472
2026-02-04 13:30,1395.09,1400.23,1400.41,1394.66,973203328,97320345600
2026-02-04 13:45,1400.23,1399.33,1400.85,1398.22,834886656,83488686080
2026-02-04 14:00,1399.24,1397.71,1400.85,1397.71,787259264,78725939200
2026-02-04 14:15,1397.61,1402.82,1402.94,1397.39,922995584,92299575296
2026-02-04 14:30,1402.89,1402.89,1403.96,1402.46,971414016,97141424128
2026-02-04 14:45,1402.98,1406.3,1406.3,1402.79,1228802688,122880278528
2026-02-04 15:00,1406.16,1407.03,1407.22,1405.96,1739685504,173968556032
2026-02-05 09:45,1401.35,1403.56,1404.62,1398.41,492779520,478774657024
2026-02-05 10:00,1403.49,1404.34,1407.03,1403.33,2507151616,250715193344
2026-02-05 10:15,1404.31,1401.75,1404.31,1400.92,1966344960,196634509312
2026-02-05 10:30,1401.7,1398.64,1401.7,1397.85,1626901760,162690203648
2026-02-05 10:45,1398.73,1402.52,1403.15,1398.67,1114865664,111486566400
2026-02-05 11:00,1402.53,1398.28,1402.53,1395.61,1157158912,115715899392
2026-02-05 11:15,1398.3,1396.04,1400.14,1395.57,762038592,76203876352
2026-02-05 11:30,1396.07,1397.17,1399.11,1394.82,669575552,66957570048
2026-02-05 13:15,1397.18,1394.27,1398.05,1394.24,924926336,92492652544
2026-02-05 13:30,1394.29,1396.5,1396.64,1394.24,721189632,72118976512
2026-02-05 13:45,1396.52,1398.17,1398.46,1393.24,850125568,85012578304
2026-02-05 14:00,1398.11,1397.79,1400.59,1397.79,799024704,79902490624
2026-02-05 14:15,1397.92,1399.68,1402.21,1397.88,820539392,82053955584
2026-02-05 14:30,1399.7,1396.21,1399.7,1395.41,715084800,71508492288
2026-02-05 14:45,1396.18,1396.1,1399.77,1396.1,1016789376,101678948352
2026-02-05 15:00,1396.04,1395.17,1396.9,1395.17,1503331200,150333128704
2026-02-06 09:45,1387.5,1391.57,1393.65,1381.84,281538048,457650536448
2026-02-06 10:00,1391.58,1395.17,1395.17,1391.42,2152668672,215266902016
2026-02-06 10:15,1395.17,1392.45,1395.17,1390.26,1655379712,165537972224
2026-02-06 10:30,1392.48,1403.88,1403.88,1392.08,1617487872,161748811776
2026-02-06 10:45,1403.88,1403.79,1405.8,1403.05,1440282496,144028270592
2026-02-06 11:00,1403.85,1403.88,1404.39,1402.42,891258880,89125912576
2026-02-06 11:15,1403.89,1405.07,1405.77,1402.91,871440640,87144071168
2026-02-06 11:30,1405.0,1405.25,1405.96,1403.53,744497728,74449788928
2026-02-06 13:15,1405.38,1405.29,1407.18,1404.86,1119840512,111984066560
2026-02-06 13:30,1405.21,1405.9,1406.04,1404.31,775071232,77507141632
2026-02-06 13:45,1405.87,1405.9,1406.96,1405.35,742247808,74224795648
2026-02-06 14:00,1405.94,1405.78,1405.99,1404.05,758065344,75806539776
2026-02-06 14:15,1405.77,1402.91,1406.65,1402.77,840443904,84044406784
2026-02-06 14:30,1402.91,1401.14,1404.08,1400.3,840239872,84024000512
2026-02-06 14:45,1401.08,1396.91,1401.45,1396.74,1098201600,109820174336
2026-02-06 15:00,1396.94,1395.52,1397.56,1395.49,1511339776,151133978624
2026-02-09 09:45,1408.53,1407.2,1409.52,1405.52,1160043008,545501052928
2026-02-09 10:00,1407.13,1408.94,1409.58,1406.76,2441893376,244189331456
2026-02-09 10:15,1408.92,1411.51,1411.53,1408.35,1820115968,182011609088
2026-02-09 10:30,1411.53,1411.24,1411.78,1410.47,1451164800,145116495872
2026-02-09 10:45,1411.27,1412.37,1412.41,1410.03,1104208512,110420869120
2026-02-09 11:00,1412.41,1411.52,1412.83,1411.37,1047102464,104710266880
2026-02-09 11:15,1411.52,1411.03,1411.52,1410.31,898364864,89836511232
2026-02-09 11:30,1411.05,1410.63,1412.02,1410.58,827598464,82759843840
2026-02-09 13:15,1410.65,1408.84,1410.88,1408.14,1235883264,123588354048
2026-02-09 13:30,1408.8,1410.16,1410.16,1408.16,837734016,83773415424
2026-02-09 13:45,1410.19,1411.0,1411.38,1410.06,775419776,77541998592
2026-02-09 14:00,1410.96,1411.69,1411.76,1410.63,724240640,72424079360
2026-02-09 14:15,1411.67,1411.57,1412.41,1411.41,703945600,70394568704
2026-02-09 14:30,1411.69,1411.03,1411.69,1410.04,764045568,76404572160
2026-02-09 14:45,1410.96,1411.75,1411.86,1410.72,988612480,98861268992
2026-02-09 15:00,1411.76,1413.51,1413.51,1411.76,1626696448,162669658112
2026-02-10 09:45,1413.51,1409.61,1413.51,1408.18,670044160,496501129216
2026-02-10 10:00,1409.53,1411.71,1412.37,1408.04,2409032704,240903290880
2026-02-10 10:15,1411.74,1413.51,1413.51,1411.55,1556498176,155649835008
2026-02-10 10:30,1413.51,1413.51,1413.84,1413.51,1337294464,133729452032
2026-02-10 10:45,1413.51,1412.0,1413.51,1411.39,1159992192,115999236096
2026-02-10 11:00,1411.93,1411.49,1412.14,1410.59,924650240,92465037312
2026-02-10 11:15,1411.52,1410.64,1411.84,1410.43,876187456,87618764800
2026-02-10 11:30,1410.61,1411.98,1412.73,1410.39,830994432,83099459584
2026-02-10 13:15,1412.02,1413.51,1413.51,1411.27,1051122688,105112289280
2026-02-10 13:30,1413.51,1413.33,1413.51,1412.89,736049664,73604988928
2026-02-10 13:45,1413.51,1413.51,1413.51,1412.65,761971136,76197126144
2026-02-10 14:00,1413.51,1413.51,1413.51,1412.72,792301632,79230173184
2026-02-10 14:15,1413.51,1412.27,1413.51,1411.72,697825472,69782560768
2026-02-10 14:30,1412.44,1411.05,1412.44,1410.89,695780928,69578113024
2026-02-10 14:45,1411.08,1410.39,1411.24,1410.15,948503360,94850351104
2026-02-10 15:00,1410.36,1409.86,1410.74,1409.86,1504226816,150422700032
2026-02-11 09:45,1409.86,1409.86,1409.86,1407.11,4277129472,427712937984
2026-02-11 10:00,1409.86,1409.86,1411.68,1409.86,2289263104,228926308352
2026-02-11 10:15,1409.86,1411.49,1412.16,1409.86,1794958592,179495878656
2026-02-11 10:30,1411.49,1411.37,1412.34,1411.21,1294608128,129460830208
2026-02-11 10:45,1411.39,1411.88,1411.96,1411.08,1078177152,107817721856
2026-02-11 11:00,1411.92,1411.47,1412.35,1411.05,893666432,89366659072
2026-02-11 11:15,1411.45,1410.74,1411.68,1410.74,722881408,72288157696
2026-02-11 11:30,1410.85,1409.86,1411.22,1409.86,744443456,74444357632
2026-02-11 13:15,1410.22,1409.44,1410.73,1409.08,976422464,97642258432
2026-02-11 13:30,1409.33,1408.31,1409.33,1408.02,765258816,76525895680
2026-02-11 13:45,1408.37,1409.11,1409.27,1408.0,674286272,67428638720
2026-02-11 14:00,1409.12,1409.43,1409.86,1409.02,664299776,66429992960
2026-02-11 14:15,1409.39,1409.86,1409.86,1408.9,652697088,65269727232
2026-02-11 14:30,1409.86,1407.93,1409.86,1407.93,735028992,73502908416
2026-02-11 14:45,1407.93,1405.86,1407.93,1405.86,1015701376,101570150400
2026-02-11 15:00,1405.89,1405.59,1406.32,1405.43,1431633408,143163359232
2026-02-12 09:45,1405.59,1394.79,1405.59,1394.31,162923520,445789110272
2026-02-12 10:00,1394.92,1400.66,1402.11,1394.92,2206975744,220697608192
2026-02-12 10:15,1400.74,1403.98,1404.6,1400.74,1685034496,168503476224
2026-02-12 10:30,1403.93,1404.68,1405.59,1403.86,1262117504,126211768320
2026-02-12 10:45,1404.75,1404.31,1405.59,1404.13,1130003840,113000398848
2026-02-12 11:00,1404.23,1404.84,1405.59,1403.7,999820928,99982106624
2026-02-12 11:15,1404.83,1406.34,1406.34,1404.79,888239232,88823939072
2026-02-12 11:30,1406.29,1405.59,1407.19,1405.59,770429504,77042958336
2026-02-12 13:15,1405.59,1403.85,1405.59,1403.58,1095223552,109522378752
2026-02-12 13:30,1403.88,1402.6,1403.88,1402.11,864837056,86483722240
2026-02-12 13:45,1402.62,1403.69,1403.95,1402.18,846663296,84666335232
2026-02-12 14:00,1403.71,1403.78,1404.21,1403.26,905541504,90554163200
2026-02-12 14:15,1403.78,1403.62,1404.43,1403.6,837289216,83728941056
2026-02-12 14:30,1403.63,1402.46,1403.98,1402.23,795242240,79524249600
2026-02-12 14:45,1402.46,1399.75,1402.52,1399.68,1104929536,110492958720
2026-02-12 15:00,1399.79,1398.54,1400.38,1398.54,1757465472,175746564096
2026-02-13 09:45,1397.3,1401.86,1401.97,1396.23,99682816,439465017344
2026-02-13 10:00,1401.92,1403.99,1404.04,1401.49,2017235840,201723592704
2026-02-13 10:15,1404.0,1402.5,1404.45,1402.37,1543092736,154309296128
2026-02-13 10:30,1402.4,1401.17,1403.27,1401.17,1138610688,113861083136
2026-02-13 10:45,1401.14,1400.8,1401.85,1400.72,961911744,96191193088
2026-02-13 11:00,1400.79,1400.58,1401.01,1400.38,714558720,71455883264
2026-02-13 11:15,1400.61,1399.45,1400.61,1399.09,662276608,66227675136
2026-02-13 11:30,1399.45,1398.54,1399.45,1397.24,704255488,70425559040
2026-02-13 13:15,1398.54,1398.83,1399.69,1398.54,809242944,80924311552
2026-02-13 13:30,1398.83,1399.3,1399.7,1398.54,769738944,76973916160
2026-02-13 13:45,1399.33,1400.45,1400.55,1398.54,772786752,77278691328
2026-02-13 14:00,1400.51,1398.54,1400.52,1398.54,737598080,73759825920
2026-02-13 14:15,1398.54,1395.33,1398.54,1395.18,822559616,82255978496
2026-02-13 14:30,1395.27,1395.31,1396.2,1395.16,748297088,74829725696
2026-02-13 14:45,1395.29,1390.53,1396.63,1390.53,1307208960,130720907264
2026-02-13 15:00,1390.57,1388.51,1390.7,1388.25,1885390336,188539043840
2026-02-24 09:45,1400.69,1395.74,1401.66,1395.42,1737944064,603291189248
2026-02-24 10:00,1395.83,1398.14,1400.72,1395.83,2582938112,258293809152
2026-02-24 10:15,1398.25,1403.4,1403.4,1398.25,1807835136,180783529984
2026-02-24 10:30,1403.39,1404.11,1404.49,1402.7,1242249856,124224995328
2026-02-24 10:45,1404.02,1405.28,1405.36,1404.02,1018876032,101887614976
2026-02-24 11:00,1405.3,1406.32,1406.74,1405.17,879552320,87955251200
2026-02-24 11:15,1406.32,1407.03,1407.29,1406.11,872647808,87264788480
2026-02-24 11:30,1407.13,1406.79,1407.75,1406.75,773177536,77317775360
2026-02-24 13:15,1407.03,1405.58,1407.11,1405.01,1052618240,105261842432
2026-02-24 13:30,1405.36,1404.27,1405.47,1403.73,798921088,79892119552
2026-02-24 13:45,1404.19,1403.7,1404.7,1402.95,723425792,72342593536
2026-02-24 14:00,1403.63,1404.51,1404.97,1403.55,592877824,59287797760
2026-02-24 14:15,1404.48,1406.14,1406.25,1404.48,683706496,68370661376
2026-02-24 14:30,1406.03,1405.27,1406.15,1405.19,684612096,68461223936
2026-02-24 14:45,1405.22,1404.25,1405.22,1403.26,973656192,97365639168
2026-02-24 15:00,1404.33,1405.26,1405.26,1404.29,1461598720,146159894528
2026-02-25 09:45,1406.08,1411.04,1411.17,1405.86,613474304,490844192768
2026-02-25 10:00,1411.03,1414.51,1414.65,1410.99,2616012544,261601263616
2026-02-25 10:15,1414.51,1414.03,1414.57,1412.15,1943553920,194355396608
2026-02-25 10:30,1414.04,1414.24,1414.61,1413.81,1521838464,152183865344
2026-02-25 10:45,1414.22,1414.95,1415.26,1414.22,1238942720,123894292480
2026-02-25 11:00,1414.95,1414.85,1415.6,1414.63,1164838784,116483883008
2026-02-25 11:15,1414.95,1415.78,1415.97,1414.85,935599616,93559971840
2026-02-25 11:30,1415.85,1415.73,1415.93,1414.21,993188352,99318849536
2026-02-25 13:15,1415.85,1414.98,1416.36,1414.89,1419537536,141953761280
2026-02-25 13:30,1414.98,1416.34,1416.45,1414.96,1049686912,104968699904
2026-02-25 13:45,1416.39,1415.2,1416.5,1414.48,1086350848,108635103232
2026-02-25 14:00,1415.26,1415.17,1415.74,1415.11,1044909504,104490958848
2026-02-25 14:15,1415.11,1412.11,1415.35,1412.03,1083245952,108324618240
2026-02-25 14:30,1412.11,1410.15,1412.66,1409.88,1036331264,103633133568
2026-02-25 14:45,1410.16,1411.95,1412.01,1409.82,1127717760,112771792896
2026-02-25 15:00,1411.95,1413.86,1413.86,1411.86,1638721536,163872178176
2026-02-26 09:45,1413.86,1410.89,1414.53,1410.89,1027516928,532248395776
2026-02-26 10:00,1410.86,1410.74,1411.6,1408.23,2804135424,280413601792
2026-02-26 10:15,1410.73,1410.9,1412.37,1410.59,1992917760,199291797504
2026-02-26 10:30,1410.86,1407.09,1411.11,1407.0,1783082624,178308284416
2026-02-26 10:45,1407.09,1407.47,1408.24,1406.94,1500512640,150051291136
2026-02-26 11:00,1407.44,1408.23,1408.35,1407.34,1225773568,122577362944
2026-02-26 11:15,1408.25,1409.36,1409.87,1408.07,954859712,95485984768
2026-02-26 11:30,1409.39,1411.23,1411.23,1409.01,914393984,91439415296
2026-02-26 13:15,1411.23,1411.64,1411.88,1409.94,1386538240,138653827072
2026-02-26 13:30,1411.51,1411.6,1411.77,1411.06,1115820800,111582085120
2026-02-26 13:45,1411.61,1410.44,1411.84,1409.47,1044344448,104434458624
2026-02-26 14:00,1410.22,1408.91,1410.37,1408.91,876948224,87694835712
2026-02-26 14:15,1408.91,1408.26,1408.91,1408.14,866848704,86684884992
2026-02-26 14:30,1408.22,1407.94,1408.72,1407.63,874193280,87419355136
2026-02-26 14:45,1407.98,1410.06,1410.11,1407.92,1158859648,115885981696
2026-02-26 15:00,1410.12,1411.64,1411.92,1410.1,1744678784,174467874816
2026-02-27 09:45,1408.45,1409.61,1411.64,1406.33,989809664,528477716480
2026-02-27 10:00,1409.65,1411.64,1411.64,1409.63,2809697536,280969740288
2026-02-27 10:15,1411.64,1410.82,1412.16,1410.44,1851240448,185124044800
2026-02-27 10:30,1410.73,1411.64,1411.64,1410.19,1538553600,153855361024
2026-02-27 10:45,1411.64,1410.15,1411.64,1409.83,1318601728,131860185088
2026-02-27 11:00,1410.3,1409.23,1411.64,1408.97,1228973824,122897399808
2026-02-27 11:15,1409.24,1410.79,1410.95,1409.13,1008535232,100853538816
2026-02-27 11:30,1410.75,1409.51,1411.64,1409.18,925801984,92580216832
2026-02-27 13:15,1409.51,1411.19,1411.19,1409.12,1231777664,123177779200
2026-02-27 13:30,1411.19,1412.59,1412.81,1411.14,1073925376,107392565248
2026-02-27 13:45,1412.67,1413.26,1413.47,1412.67,1002380928,100238106624
2026-02-27 14:00,1413.22,1413.26,1413.69,1412.6,909055424,90905559040
2026-02-27 14:15,1413.29,1414.53,1414.74,1413.26,855079424,85507964928
2026-02-27 14:30,1414.53,1414.61,1414.83,1414.0,853444032,85344419840
2026-02-27 14:45,1414.58,1414.63,1414.8,1413.92,1139661952,113966202880
2026-02-27 15:00,1414.66,1416.58,1416.7,1414.57,2023293952,202329407488
2026-03-02 09:45,1397.77,1400.1,1404.61,1392.45,3178512896,747348033536
2026-03-02 10:00,1400.28,1392.97,1400.84,1392.67,3339605504,333960577024
2026-03-02 10:15,1392.93,1376.81,1394.17,1376.7,3235013120,323501326336
2026-03-02 10:30,1376.81,1379.63,1380.88,1373.35,2137604736,213760475136
2026-03-02 10:45,1379.65,1384.35,1384.74,1377.84,1464109312,146410946560
2026-03-02 11:00,1384.35,1384.89,1386.65,1383.5,1155107712,115510788096
2026-03-02 11:15,1384.9,1382.35,1385.9,1382.35,1060465664,106046586880
2026-03-02 11:30,1382.28,1382.39,1382.42,1379.86,1036518272,103651835904
2026-03-02 13:15,1382.39,1387.85,1388.3,1381.56,1283631104,128363126784
2026-03-02 13:30,1387.74,1390.77,1392.25,1387.73,1160556032,116055613440
2026-03-02 13:45,1390.76,1388.53,1390.76,1387.51,989717248,98971729920
2026-03-02 14:00,1388.54,1385.09,1388.69,1385.09,975848384,97584857088
2026-03-02 14:15,1385.1,1383.73,1385.1,1382.19,1016857472,101685755904
2026-03-02 14:30,1383.74,1383.08,1384.4,1382.41,973718144,97371832320
2026-03-02 14:45,1383.1,1381.13,1383.56,1380.72,1350958720,135095894016
2026-03-02 15:00,1381.17,1382.03,1382.22,1380.53,1804582144,180458225664
2026-03-03 09:45,1382.03,1382.03,1387.62,1382.03,2200397312,649536471040
2026-03-03 10:00,1382.03,1371.86,1384.43,1371.86,3913238016,391323811840
2026-03-03 10:15,1371.74,1362.22,1372.46,1360.2,3046286080,304628629504
2026-03-03 10:30,1362.28,1361.04,1363.8,1354.64,2250582272,225058242560
2026-03-03 10:45,1361.02,1364.81,1367.92,1361.02,1557121536,155712159744
2026-03-03 11:00,1364.87,1367.45,1367.56,1364.4,1109155584,110915567616
2026-03-03 11:15,1367.44,1367.23,1371.2,1367.09,1126956800,112695697408
2026-03-03 11:30,1367.19,1366.0,1367.52,1365.77,838036864,83803701248
2026-03-03 13:15,1365.95,1362.88,1365.95,1360.3,1402769152,140276908032
2026-03-03 13:30,1363.0,1357.17,1363.46,1356.3,1098179584,109817987072
2026-03-03 13:45,1357.08,1355.54,1359.33,1354.84,1124850048,112485031936
2026-03-03 14:00,1355.49,1347.56,1356.97,1347.18,1210639360,121063948288
2026-03-03 14:15,1347.57,1344.53,1348.38,1344.5,1335871872,133587206144
2026-03-03 14:30,1344.29,1345.28,1345.28,1337.58,1626366720,162636677120
2026-03-03 14:45,1345.28,1336.77,1346.19,1335.81,1524745984,152474599424
2026-03-03 15:00,1336.68,1335.08,1338.96,1334.17,1915531008,191553110016
2026-03-04 09:45,1322.12,1335.08,1336.55,1321.91,1729741824,602470875136
2026-03-04 10:00,1334.63,1338.34,1339.86,1333.16,2578337536,257833762816
2026-03-04 10:15,1338.4,1339.14,1339.14,1335.08,1922330880,192233111552
2026-03-04 10:30,1339.19,1335.08,1340.29,1334.34,1516644480,151664476160
2026-03-04 10:45,1335.08,1326.97,1335.49,1325.42,1600335488,160033554432
2026-03-04 11:00,1326.97,1326.47,1329.03,1325.86,987959360,98795954176
2026-03-04 11:15,1326.41,1320.3,1326.41,1319.93,1127798912,112779902976
2026-03-04 11:30,1320.41,1320.88,1324.97,1320.15,789723648,78972387328
2026-03-04 13:15,1320.92,1320.25,1322.94,1318.08,1045635776,104563597312
2026-03-04 13:30,1320.23,1322.45,1324.21,1318.52,802569856,80256999424
2026-03-04 13:45,1322.43,1326.35,1330.62,1321.78,838127552,83812769792
2026-03-04 14:00,1326.18,1329.38,1330.64,1325.13,660534144,66053423104
2026-03-04 14:15,1329.39,1324.33,1329.39,1323.91,795750912,79575105536
2026-03-04 14:30,1324.4,1323.61,1327.24,1323.11,763129728,76312985600
2026-03-04 14:45,1323.54,1323.62,1325.83,1321.66,1018102272,101810241536
2026-03-04 15:00,1323.57,1325.08,1325.28,1322.72,1407803904,140780404736
2026-03-05 09:45,1344.63,1343.77,1347.35,1343.39,1476209152,577117618176
2026-03-05 10:00,1343.58,1337.97,1345.04,1337.97,2506808832,250680901632
2026-03-05 10:15,1338.0,1340.09,1340.99,1337.51,1875721728,187572191232
2026-03-05 10:30,1340.21,1341.44,1342.56,1339.81,1476403840,147640418304
2026-03-05 10:45,1341.4,1343.78,1343.86,1340.23,1417167488,141716750336
2026-03-05 11:00,1343.84,1346.04,1346.16,1343.48,969753920,96975405056
2026-03-05 11:15,1346.04,1346.34,1346.9,1344.37,884487296,88448745472
2026-03-05 11:30,1346.37,1345.86,1347.67,1345.85,715289920,71529005056
2026-03-05 13:15,1345.95,1345.02,1346.22,1343.44,1125630208,112563044352
2026-03-05 13:30,1345.08,1344.83,1345.47,1344.65,875321216,87532134400
2026-03-05 13:45,1344.83,1342.65,1345.68,1341.57,913549312,91354947584
2026-03-05 14:00,1342.75,1340.18,1343.2,1339.9,910268992,91026915328
2026-03-05 14:15,1340.09,1335.36,1340.1,1334.9,1142496512,114249662464
2026-03-05 14:30,1335.37,1335.46,1335.77,1333.06,992522112,99252240384
2026-03-05 14:45,1335.4,1335.27,1336.4,1333.04,1002198528,100219879424
2026-03-05 15:00,1335.25,1338.15,1338.15,1335.16,1547291648,154729168896
2026-03-06 09:45,1333.27,1344.84,1345.03,1332.44,701917184,499688439808
2026-03-06 10:00,1344.74,1345.32,1348.12,1344.74,2251929344,225192951808
2026-03-06 10:15,1345.29,1351.22,1351.54,1344.98,1646901504,164690165760
2026-03-06 10:30,1351.16,1350.69,1351.71,1350.13,1372536832,137253699584
2026-03-06 10:45,1350.72,1352.2,1352.28,1350.72,1097928192,109792837632
2026-03-06 11:00,1352.16,1352.12,1352.97,1351.7,1000927616,100092780544
2026-03-06 11:15,1352.12,1352.75,1353.67,1352.12,859844608,85984477184
2026-03-06 11:30,1352.8,1353.89,1354.07,1352.19,746568704,74656890880
2026-03-06 13:15,1354.0,1351.17,1354.2,1351.12,1157874944,115787513856
2026-03-06 13:30,1351.17,1352.09,1352.11,1350.84,949877888,94987796480
2026-03-06 13:45,1352.09,1354.77,1354.77,1352.05,937102528,93710270464
2026-03-06 14:00,1354.91,1355.15,1355.34,1354.34,809927104,80992731136
2026-03-06 14:15,1355.15,1355.39,1356.24,1355.15,802782848,80278298624
2026-03-06 14:30,1355.33,1356.37,1356.53,1355.1,788485440,78848557056
2026-03-06 14:45,1356.41,1356.03,1356.55,1355.77,1055093376,105509347328
2026-03-06 15:00,1356.05,1357.11,1357.11,1355.88,1717800064,171780014080
2026-03-09 09:45,1340.84,1333.74,1341.79,1333.06,3098518528,739348578304
2026-03-09 10:00,1334.11,1323.51,1334.49,1323.51,3209286144,320928612352
2026-03-09 10:15,1323.48,1323.78,1327.56,1321.56,2171633408,217163333632
2026-03-09 10:30,1324.09,1326.05,1330.16,1323.25,1391422848,139142299648
2026-03-09 10:45,1326.04,1329.99,1330.85,1325.43,1169484416,116948451328
2026-03-09 11:00,1330.05,1331.56,1332.54,1329.97,964804416,96480460800
2026-03-09 11:15,1331.55,1330.44,1332.78,1330.39,972203904,97220395008
2026-03-09 11:30,1330.5,1330.51,1334.12,1329.73,769678272,76967845888
2026-03-09 13:15,1330.77,1335.86,1336.74,1329.35,1099665664,109966573568
2026-03-09 13:30,1336.0,1338.33,1339.54,1335.68,890125056,89012518912
2026-03-09 13:45,1338.37,1340.1,1341.29,1337.93,1123725824,112372596736
2026-03-09 14:00,1340.08,1343.38,1344.49,1340.08,913137984,91313815552
2026-03-09 14:15,1343.36,1346.49,1346.96,1343.36,1137986048,113798627328
2026-03-09 14:30,1346.49,1344.0,1346.81,1343.43,899542400,89954246656
2026-03-09 14:45,1344.02,1343.63,1345.17,1343.06,1082276480,108227657728
2026-03-09 15:00,1343.68,1343.56,1343.8,1342.07,1517421312,151742152704
2026-03-10 09:45,1352.26,1360.62,1361.63,1352.26,2047385600,634235256832
2026-03-10 10:00,1360.57,1360.03,1361.22,1359.63,2769695488,276969553920
2026-03-10 10:15,1360.03,1360.73,1360.79,1357.72,2023170560,202317086720
2026-03-10 10:30,1360.79,1358.76,1361.21,1358.68,1341426176,134142623744
2026-03-10 10:45,1358.79,1358.4,1359.56,1358.4,1051302272,105130237952
2026-03-10 11:00,1358.43,1357.65,1358.52,1356.48,973372416,97337262080
2026-03-10 11:15,1357.67,1357.35,1358.88,1357.35,856118720,85611888640
2026-03-10 11:30,1357.25,1359.83,1359.89,1356.45,749085888,74908606464
2026-03-10 13:15,1359.88,1359.67,1360.1,1358.2,1131218816,113121902592
2026-03-10 13:30,1359.67,1360.72,1361.17,1359.6,841062144,84106231808
2026-03-10 13:45,1360.72,1360.91,1361.11,1360.15,802211968,80221216768
2026-03-10 14:00,1360.9,1361.24,1361.44,1360.13,802379008,80237912064
2026-03-10 14:15,1361.21,1361.51,1362.22,1361.18,888928000,88892817408
2026-03-10 14:30,1361.55,1361.56,1361.84,1361.02,796381888,79638200320
2026-03-10 14:45,1361.42,1363.06,1363.15,1361.41,1094784384,109478453248
2026-03-10 15:00,1363.07,1364.25,1364.39,1363.06,1704844032,170484416512
2026-03-11 09:45,1364.25,1362.04,1365.45,1362.04,1571016704,586598383616
2026-03-11 10:00,1361.9,1359.93,1361.9,1359.93,2886961664,288696172544
2026-03-11 10:15,1359.97,1358.94,1360.68,1357.98,2156433920,215643406336
2026-03-11 10:30,1359.01,1361.33,1362.38,1359.01,1551144576,155114455040
2026-03-11 10:45,1361.22,1362.52,1363.09,1361.22,1303386880,130338701312
2026-03-11 11:00,1362.52,1361.61,1362.52,1360.83,1072458240,107245838336
2026-03-11 11:15,1361.61,1360.62,1361.67,1360.16,1012962432,101296259072
2026-03-11 11:30,1360.62,1359.75,1361.08,1358.18,965865536,96586563584
2026-03-11 13:15,1359.83,1359.53,1360.96,1359.37,1266324608,126632468480
2026-03-11 13:30,1359.51,1355.66,1359.68,1355.62,1044344704,104434483200
2026-03-11 13:45,1355.71,1356.02,1356.1,1354.5,966708864,96670892032
2026-03-11 14:00,1355.95,1355.57,1356.16,1354.7,846086144,84608630784
2026-03-11 14:15,1355.57,1357.51,1357.57,1355.5,838000704,83800080384
2026-03-11 14:30,1357.53,1357.91,1358.11,1356.94,810460032,81046011904
2026-03-11 14:45,1357.87,1358.54,1358.97,1357.76,1054482432,105448243200
2026-03-11 15:00,1358.55,1358.42,1358.94,1358.23,1641382272,164138237952
2026-03-12 09:45,1357.66,1355.98,1357.93,1353.38,775237632,507020509184
2026-03-12 10:00,1356.06,1351.49,1356.85,1350.87,2865762560,286576279552
2026-03-12 10:15,1351.54,1353.69,1354.81,1351.54,2119040384,211904036864
2026-03-12 10:30,1353.6,1353.37,1354.33,1352.08,1507494528,150749462528
2026-03-12 10:45,1353.36,1349.25,1353.95,1348.5,1503919104,150391930880
2026-03-12 11:00,1349.35,1346.77,1349.56,1346.35,1164970752,116497088512
2026-03-12 11:15,1346.77,1344.55,1347.02,1344.55,933206144,93320626176
2026-03-12 11:30,1344.55,1341.89,1344.86,1341.8,906594688,90659487744
2026-03-12 13:15,1341.9,1340.57,1343.44,1340.4,1233520256,123352039424
2026-03-12 13:30,1340.64,1340.45,1341.29,1340.15,1031654912,103165501440
2026-03-12 13:45,1340.42,1344.51,1344.64,1340.39,1135781632,113578180608
2026-03-12 14:00,1344.63,1345.02,1345.41,1343.43,890106752,89010700288
2026-03-12 14:15,1345.0,1344.07,1345.7,1343.91,856269888,85627002880
2026-03-12 14:30,1344.08,1343.12,1344.32,1342.38,774677056,77467721728
2026-03-12 14:45,1343.09,1343.76,1344.86,1342.44,1050051584,105005170688
2026-03-12 15:00,1343.67,1343.44,1344.08,1343.2,1562295168,156229533696
2026-03-13 09:45,1339.85,1338.43,1341.17,1335.95,1280683008,557565018112
2026-03-13 10:00,1338.46,1344.18,1345.48,1338.44,2609959424,260995940352
2026-03-13 10:15,1344.23,1346.09,1348.14,1344.16,1847490560,184749064192
2026-03-13 10:30,1346.05,1346.5,1346.65,1344.92,1306870784,130687090688
2026-03-13 10:45,1346.46,1348.27,1348.31,1345.71,1201992320,120199241728
2026-03-13 11:00,1348.35,1348.43,1349.76,1348.26,1035679232,103567933440
2026-03-13 11:15,1348.38,1345.8,1348.48,1345.8,837430912,83743096832
2026-03-13 11:30,1345.78,1345.59,1345.78,1343.95,751978304,75197849600
2026-03-13 13:15,1345.69,1344.68,1345.89,1344.57,1016478464,101647859712
2026-03-13 13:30,1344.55,1342.55,1344.91,1342.39,874691840,87469203456
2026-03-13 13:45,1342.55,1343.24,1343.44,1342.02,828219008,82821914624
2026-03-13 14:00,1343.29,1339.73,1343.44,1339.36,938389248,93838942208
2026-03-13 14:15,1339.72,1339.05,1340.16,1338.66,1019686976,101968715776
2026-03-13 14:30,1338.99,1335.7,1338.99,1335.53,1050236352,105023651840
2026-03-13 14:45,1335.66,1330.64,1335.81,1330.51,1490571136,149057126400
2026-03-13 15:00,1330.74,1332.3,1332.4,1329.44,1787428352,178742853632
2026-03-16 09:45,1331.75,1328.79,1334.87,1327.48,1518017536,581298487296
2026-03-16 10:00,1328.7,1329.11,1333.21,1326.94,2698427904,269842776064
2026-03-16 10:15,1329.42,1329.75,1331.17,1328.74,1867197312,186719748096
2026-03-16 10:30,1329.79,1325.89,1332.3,1325.16,1476973824,147697401856
2026-03-16 10:45,1325.86,1323.21,1327.07,1323.12,1027949504,102794960896
2026-03-16 11:00,1323.18,1323.46,1323.73,1321.9,917198272,91719843840
2026-03-16 11:15,1323.49,1321.42,1323.49,1321.42,680602304,68060241920
2026-03-16 11:30,1321.48,1325.69,1325.72,1321.45,697122432,69712257024
2026-03-16 13:15,1325.88,1330.7,1332.3,1325.88,1352872832,135287300096
2026-03-16 13:30,1330.7,1329.93,1332.3,1329.87,1129432832,112943300608
2026-03-16 13:45,1329.89,1330.2,1330.99,1327.88,990386048,99038625792
2026-03-16 14:00,1330.25,1328.62,1330.25,1327.5,749580672,74958077952
2026-03-16 14:15,1328.62,1328.98,1329.16,1327.14,725962880,72596307968
2026-03-16 14:30,1328.98,1331.36,1332.3,1328.83,807824768,80782491648
2026-03-16 14:45,1331.27,1331.45,1332.3,1330.45,974216768,97421688832
2026-03-16 15:00,1331.49,1334.11,1334.11,1331.49,1490473728,149047377920
2026-03-17 09:45,1335.81,1331.31,1336.71,1331.3,761285120,505625247744
2026-03-17 10:00,1331.46,1336.95,1337.02,1331.46,2337803520,233780379648
2026-03-17 10:15,1336.88,1335.05,1337.94,1334.11,1851759872,185175998464
2026-03-17 10:30,1335.05,1335.07,1335.42,1334.11,1222382080,122238238720
2026-03-17 10:45,1335.07,1334.78,1336.21,1334.11,962014976,96201523200
2026-03-17 11:00,1334.77,1331.28,1334.77,1331.28,838255616,83825582080
2026-03-17 11:15,1331.23,1328.25,1331.23,1326.92,873349568,87334969344
2026-03-17 11:30,1328.25,1327.4,1329.22,1326.51,636889280,63688941568
2026-03-17 13:15,1327.41,1325.17,1328.65,1325.17,981171456,98117156864
2026-03-17 13:30,1325.18,1325.47,1327.03,1324.65,792822400,79282257920
2026-03-17 13:45,1325.45,1322.06,1325.45,1322.06,792258432,79225856000
2026-03-17 14:00,1322.05,1318.45,1322.1,1318.45,906669952,90667024384
2026-03-17 14:15,1318.37,1316.6,1318.73,1314.78,1086654592,108665462784
2026-03-17 14:30,1316.49,1311.82,1317.52,1311.8,1023130624,102313082880
2026-03-17 14:45,1311.82,1310.03,1313.32,1309.87,1285081344,128508141568
2026-03-17 15:00,1309.95,1308.83,1310.46,1308.54,1599182720,159918292992
2026-03-18 09:45,1310.07,1308.83,1312.75,1304.77,34009088,432897654784
2026-03-18 10:00,1308.83,1304.31,1308.83,1303.4,1976567040,197656723456
2026-03-18 10:15,1304.31,1306.91,1307.07,1303.42,1572239744,157223993344
2026-03-18 10:30,1306.94,1308.83,1310.6,1306.85,1223540480,122354057216
2026-03-18 10:45,1308.83,1307.28,1309.47,1307.28,908183296,90818338816
2026-03-18 11:00,1307.25,1302.11,1308.02,1301.61,996904832,99690504192
2026-03-18 11:15,1302.2,1305.87,1305.87,1302.2,717526272,71752638464
2026-03-18 11:30,1305.94,1307.8,1307.95,1305.94,770910848,77091102720
2026-03-18 13:15,1307.97,1305.68,1310.25,1305.63,1129080704,112908091392
2026-03-18 13:30,1305.66,1304.3,1308.25,1304.02,750944192,75094425600
2026-03-18 13:45,1304.32,1309.8,1309.89,1304.25,788913664,78891384832
2026-03-18 14:00,1309.91,1310.46,1311.07,1308.83,812483456,81248362496
2026-03-18 14:15,1310.45,1312.99,1314.15,1310.44,1018409728,101840977920
2026-03-18 14:30,1313.04,1317.51,1317.72,1312.73,938682048,93868220416
2026-03-18 14:45,1317.48,1318.64,1318.97,1316.41,1096470016,109647003648
2026-03-18 15:00,1318.77,1319.23,1319.68,1318.61,1580505088,158050516992
2026-03-19 09:45,1306.17,1301.13,1308.71,1300.93,415476736,471044456448
2026-03-19 10:00,1301.26,1303.02,1304.45,1299.38,2213908480,221390864384
2026-03-19 10:15,1302.99,1292.82,1303.77,1292.8,1740654720,174065483776
2026-03-19 10:30,1292.79,1297.94,1298.03,1291.66,1345320064,134532022272
2026-03-19 10:45,1297.91,1300.32,1301.66,1296.61,1035925760,103592591360
2026-03-19 11:00,1300.21,1298.92,1300.58,1298.53,738906496,73890660352
2026-03-19 11:15,1298.94,1295.08,1300.13,1295.08,695009920,69501009920
2026-03-19 11:30,1295.07,1295.47,1296.72,1292.77,668045504,66804555776
2026-03-19 13:15,1295.47,1289.46,1295.47,1288.78,1035374464,103537459200
2026-03-19 13:30,1289.35,1288.67,1291.51,1288.55,831523072,83152314368
2026-03-19 13:45,1288.62,1286.65,1289.75,1286.53,843346176,84334632960
2026-03-19 14:00,1286.58,1289.62,1291.78,1285.15,933709952,93371015168
2026-03-19 14:15,1289.57,1288.48,1293.31,1287.57,771845120,77184532480
2026-03-19 14:30,1288.4,1284.37,1288.99,1284.07,809786624,80978673664
2026-03-19 14:45,1284.37,1280.68,1284.78,1280.68,1222329856,122232995840
2026-03-19 15:00,1280.56,1283.8,1284.47,1279.4,1676814592,167681458176
2026-03-20 09:45,1286.44,1288.21,1291.77,1286.44,429452800,472442044416
2026-03-20 10:00,1288.17,1276.17,1288.17,1272.96,2608660480,260866048000
2026-03-20 10:15,1276.22,1267.75,1276.89,1267.75,1826492928,182649323520
2026-03-20 10:30,1267.72,1272.0,1272.51,1266.87,1283717248,128371736576
2026-03-20 10:45,1272.13,1268.7,1272.64,1267.6,1106209280,110620942336
2026-03-20 11:00,1268.7,1266.74,1270.03,1266.69,961791488,96179159040
2026-03-20 11:15,1266.68,1272.37,1272.37,1264.53,985519744,98551988224
2026-03-20 11:30,1272.38,1279.05,1279.41,1272.38,1042498304,104249851904
2026-03-20 13:15,1279.28,1274.92,1281.44,1274.71,1393521408,139352162304
2026-03-20 13:30,1274.85,1272.24,1274.85,1270.07,878671424,87867154432
2026-03-20 13:45,1272.15,1268.56,1272.17,1268.36,695671040,69567119360
2026-03-20 14:00,1268.56,1265.85,1268.56,1265.85,709967296,70996746240
2026-03-20 14:15,1265.78,1263.6,1266.98,1263.36,802448064,80244817920
2026-03-20 14:30,1263.53,1261.62,1263.59,1261.57,817703552,81770364928
2026-03-20 14:45,1261.74,1255.39,1262.26,1255.34,1274401024,127440109568
2026-03-20 15:00,1255.26,1251.99,1256.04,1251.99,1916550144,191655018496
2026-03-23 09:45,1231.37,1217.49,1231.37,1209.88,1702113280,599708139520
2026-03-23 10:00,1217.02,1224.08,1224.08,1214.76,2451458304,245145845760
2026-03-23 10:15,1224.1,1229.6,1232.7,1222.67,1816590848,181659107328
2026-03-23 10:30,1229.51,1223.59,1229.81,1223.59,1128740352,112874045440
2026-03-23 10:45,1223.54,1218.06,1223.54,1217.21,1009732736,100973289472
2026-03-23 11:00,1217.98,1217.23,1218.11,1211.31,889856640,88985681920
2026-03-23 11:15,1217.21,1213.63,1218.66,1213.54,710954880,71095500800
2026-03-23 11:30,1213.58,1209.22,1214.5,1209.11,686459328,68645953536
2026-03-23 13:15,1209.09,1205.04,1215.03,1200.47,1334795392,133479571456
2026-03-23 13:30,1204.87,1192.73,1204.87,1192.72,1104714240,110471438336
2026-03-23 13:45,1192.64,1191.23,1199.88,1190.33,1132268416,113226858496
2026-03-23 14:00,1191.07,1194.21,1195.89,1186.27,1043989632,104398987264
2026-03-23 14:15,1193.97,1182.07,1193.97,1182.07,1094722176,109472235520
2026-03-23 14:30,1182.05,1187.79,1191.77,1179.15,1240024704,124002492416
2026-03-23 14:45,1187.7,1178.04,1187.7,1178.04,1152018688,115201875968
2026-03-23 15:00,1177.87,1181.28,1181.28,1174.68,1687739264,168773943296
2026-03-24 09:45,1203.63,1191.12,1205.32,1189.52,237138432,453210537984
2026-03-24 10:00,1190.98,1188.26,1191.21,1185.14,2185134592,218513489920
2026-03-24 10:15,1188.23,1190.12,1193.37,1185.54,1693308032,169330819072
2026-03-24 10:30,1190.13,1198.59,1198.59,1186.96,1316843904,131684417536
2026-03-24 10:45,1198.64,1203.3,1203.3,1198.0,1196638464,119663869952
2026-03-24 11:00,1203.4,1201.34,1204.69,1200.69,902612352,90261241856
2026-03-24 11:15,1201.42,1199.9,1202.6,1198.32,765326400,76532654080
2026-03-24 11:30,1199.74,1199.8,1201.96,1198.58,653465536,65346576384
2026-03-24 13:15,1200.08,1195.5,1200.37,1193.53,976130816,97613094912
2026-03-24 13:30,1195.5,1190.64,1195.89,1190.58,694143168,69414322176
2026-03-24 13:45,1190.56,1197.17,1198.81,1190.43,674653184,67465338880
2026-03-24 14:00,1197.18,1199.27,1199.58,1197.18,552223168,55222333440
2026-03-24 14:15,1199.25,1207.53,1207.53,1199.25,795621888,79562194944
2026-03-24 14:30,1207.53,1213.4,1214.62,1207.48,1211133824,121113395200
2026-03-24 14:45,1213.68,1217.71,1217.94,1213.68,1225259648,122525982720
2026-03-24 15:00,1217.58,1219.59,1219.59,1217.58,1586426624,158642667520
2026-03-25 09:45,1223.37,1235.59,1237.42,1223.37,1096621568,539158839296
2026-03-25 10:00,1235.51,1237.98,1239.92,1233.59,2428919808,242891980800
2026-03-25 10:15,1237.94,1239.7,1240.36,1236.3,1874640640,187464089600
2026-03-25 10:30,1239.75,1238.15,1241.74,1238.0,1379626112,137962635264
2026-03-25 10:45,1238.15,1239.63,1239.75,1235.37,1260622080,126062247936
2026-03-25 11:00,1239.68,1237.56,1240.75,1237.17,837762688,83776290816
2026-03-25 11:15,1237.6,1237.29,1238.27,1236.42,831675392,83167559680
2026-03-25 11:30,1237.29,1234.26,1238.0,1233.88,747473216,74747338752
2026-03-25 13:15,1234.32,1239.62,1239.74,1234.32,961580608,96158072832
2026-03-25 13:30,1239.74,1238.93,1240.01,1238.24,802735552,80273571840
2026-03-25 13:45,1238.9,1240.72,1241.0,1237.11,787714944,78771503104
2026-03-25 14:00,1240.71,1236.96,1240.71,1235.23,762060480,76206063616
2026-03-25 14:15,1237.05,1232.89,1238.1,1232.84,776457472,77645758464
2026-03-25 14:30,1232.81,1235.1,1235.28,1232.48,749091456,74909155328
2026-03-25 14:45,1235.16,1237.79,1237.9,1235.16,891587072,89158713344
2026-03-25 15:00,1237.9,1239.69,1240.07,1237.81,1445043456,144504356864
2026-03-26 09:45,1239.69,1243.62,1245.2,1236.13,63561216,435852902400
2026-03-26 10:00,1243.58,1240.9,1243.59,1238.26,2089429120,208942923776
2026-03-26 10:15,1240.87,1236.22,1240.87,1235.82,1631535872,163153592320
2026-03-26 10:30,1236.21,1232.41,1236.21,1232.07,1207233792,120723382272
2026-03-26 10:45,1232.43,1230.68,1233.43,1229.59,993742720,99374284800
2026-03-26 11:00,1230.73,1227.48,1231.55,1226.23,792773504,79277367296
2026-03-26 11:15,1227.51,1227.09,1228.64,1225.38,633306624,63330676736
2026-03-26 11:30,1227.15,1226.01,1227.64,1225.58,625387264,62538739712
2026-03-26 13:15,1226.03,1219.03,1227.21,1218.89,1060284288,106028449792
2026-03-26 13:30,1219.06,1218.54,1221.73,1217.19,1004401344,100440145920
2026-03-26 13:45,1218.41,1220.87,1221.09,1218.13,755681728,75568185344
2026-03-26 14:00,1220.76,1220.2,1222.5,1219.32,684075008,68407517184
2026-03-26 14:15,1220.22,1219.82,1223.53,1219.7,845762496,84576256000
2026-03-26 14:30,1219.79,1218.08,1220.37,1217.25,692971008,69297111040
2026-03-26 14:45,1218.02,1215.76,1219.3,1215.76,912907840,91290796032
2026-03-26 15:00,1215.78,1219.51,1219.88,1215.28,1281747200,128174743552
2026-03-27 09:45,1206.66,1218.41,1220.45,1205.76,3999803392,399980331008
2026-03-27 10:00,1218.28,1222.95,1223.28,1216.62,1783924992,178392514560
2026-03-27 10:15,1223.03,1228.46,1228.66,1222.68,1357811968,135781212160
2026-03-27 10:30,1228.49,1226.6,1229.52,1224.36,1129802496,112980262912
2026-03-27 10:45,1226.59,1227.09,1229.33,1226.46,1023765888,102376611840
2026-03-27 11:00,1227.01,1223.85,1229.15,1223.3,913108032,91310817280
2026-03-27 11:15,1223.91,1226.05,1227.0,1223.88,677425728,67742584832
2026-03-27 11:30,1226.01,1226.82,1227.12,1225.58,583110528,58311065600
2026-03-27 13:15,1227.07,1235.04,1235.33,1227.07,1260347136,126034722816
2026-03-27 13:30,1235.05,1233.46,1236.75,1233.26,905285056,90528530432
2026-03-27 13:45,1233.4,1234.53,1235.21,1233.33,754613760,75461394432
2026-03-27 14:00,1234.52,1231.34,1235.2,1231.34,713574336,71357448192
2026-03-27 14:15,1231.32,1230.77,1231.69,1229.33,704130816,70413099008
2026-03-27 14:30,1230.75,1231.96,1232.98,1230.75,623378944,62337912832
2026-03-27 14:45,1231.97,1233.34,1233.63,1231.97,829360128,82936029184
2026-03-27 15:00,1233.37,1233.89,1234.01,1233.01,1378898176,137889824768
2026-03-30 09:45,1220.24,1224.71,1231.85,1219.62,538607616,483357556736
2026-03-30 10:00,1224.55,1220.0,1224.55,1213.59,2450810880,245081112576
2026-03-30 10:15,1220.11,1222.73,1224.86,1219.58,1552112256,155211235328
2026-03-30 10:30,1222.77,1224.36,1226.08,1220.82,1142686720,114268684288
2026-03-30 10:45,1224.37,1222.68,1225.9,1220.8,939608896,93960904704
2026-03-30 11:00,1222.66,1225.04,1225.39,1222.07,770924672,77092487168
2026-03-30 11:15,1225.08,1231.11,1232.48,1225.08,875897728,87589789696
2026-03-30 11:30,1231.07,1233.89,1233.89,1230.37,723556224,72355643392
2026-03-30 13:15,1233.89,1229.71,1233.89,1229.08,956571904,95657213952
2026-03-30 13:30,1229.69,1230.35,1232.07,1229.6,616335168,61633536000
2026-03-30 13:45,1230.01,1229.59,1233.5,1229.59,608494976,60849508352
2026-03-30 14:00,1229.54,1232.09,1232.46,1228.89,569131776,56913186816
2026-03-30 14:15,1232.08,1233.89,1235.14,1231.98,600572416,60057264128
2026-03-30 14:30,1233.89,1233.89,1235.03,1233.49,590774784,59077492736
2026-03-30 14:45,1233.89,1234.56,1234.75,1233.89,753388160,75338833920
2026-03-30 15:00,1234.61,1235.68,1235.73,1234.52,1291120000,129112014848
2026-03-31 09:45,1235.68,1243.65,1244.29,1235.68,191555584,448652312576
2026-03-31 10:00,1243.65,1242.47,1244.52,1240.19,2178913792,217891389440
2026-03-31 10:15,1242.47,1243.88,1244.23,1240.75,1568179712,156817981440
2026-03-31 10:30,1243.91,1239.91,1244.55,1239.85,1161469952,116147011584
2026-03-31 10:45,1239.86,1234.53,1240.15,1233.21,1247586688,124758679552
2026-03-31 11:00,1234.47,1232.16,1234.93,1232.15,946140032,94614011904
2026-03-31 11:15,1232.16,1228.42,1232.29,1228.41,890480768,89048088576
2026-03-31 11:30,1228.43,1227.57,1228.82,1225.44,918262464,91826257920
2026-03-31 13:15,1227.48,1226.62,1230.85,1226.61,893479296,89347940352
2026-03-31 13:30,1226.65,1228.45,1228.52,1226.56,653800320,65380048896
2026-03-31 13:45,1228.45,1227.75,1232.98,1227.67,740845376,74084548608
2026-03-31 14:00,1227.75,1226.65,1229.84,1226.65,660125312,66012545024
2026-03-31 14:15,1226.58,1221.08,1226.58,1220.76,734672384,73467248640
2026-03-31 14:30,1221.06,1220.25,1221.67,1219.96,712028160,71202832384
2026-03-31 14:45,1220.36,1218.98,1221.16,1218.4,901024128,90102415360
2026-03-31 15:00,1219.0,1218.03,1219.87,1217.77,1365587456,136558755840
2026-04-01 09:45,1237.49,1233.12,1239.17,1231.96,873183744,516815126528
2026-04-01 10:00,1233.13,1226.43,1233.29,1226.43,2150275584,215027580928
2026-04-01 10:15,1226.41,1232.71,1232.73,1226.41,1661036288,166103646208
2026-04-01 10:30,1232.75,1230.5,1233.7,1230.5,1204531840,120453185536
2026-04-01 10:45,1230.45,1234.99,1235.45,1229.73,1100491136,110049140736
2026-04-01 11:00,1235.07,1235.24,1236.12,1233.43,768711296,76871147520
2026-04-01 11:15,1235.2,1233.56,1235.23,1232.92,691016128,69101633536
2026-04-01 11:30,1233.57,1232.09,1234.44,1231.6,613033920,61303406592
2026-04-01 13:15,1232.11,1233.67,1233.99,1231.48,963061376,96306151424
2026-04-01 13:30,1233.67,1235.03,1235.11,1231.63,840642304,84064256000
2026-04-01 13:45,1235.11,1233.67,1236.78,1233.3,789014080,78901428224
2026-04-01 14:00,1233.58,1229.36,1233.72,1228.91,705856256,70585647104
2026-04-01 14:15,1229.27,1229.72,1230.46,1229.03,617858496,61785866240
2026-04-01 14:30,1229.71,1232.03,1232.1,1229.7,633345408,63334563840
2026-04-01 14:45,1232.03,1233.72,1233.73,1231.36,876067712,87606788096
2026-04-01 15:00,1233.79,1236.12,1236.29,1233.79,1465403136,146540331008
2026-04-02 09:45,1233.15,1232.44,1234.41,1227.95,4091921408,409192169472
2026-04-02 10:00,1232.44,1232.04,1232.73,1229.13,1903248128,190324817920
2026-04-02 10:15,1232.01,1224.22,1232.01,1223.55,1712105472,171210571776
2026-04-02 10:30,1224.12,1223.18,1224.52,1221.8,1250050304,125005045760
2026-04-02 10:45,1223.15,1222.64,1224.96,1220.83,1062077440,106207756288
2026-04-02 11:00,1222.64,1222.95,1224.91,1222.64,775527168,77552730112
2026-04-02 11:15,1222.96,1219.69,1222.96,1219.23,659298816,65929904128
2026-04-02 11:30,1219.66,1219.11,1220.05,1218.45,514353536,51435372544
2026-04-02 13:15,1219.17,1215.37,1219.17,1214.57,942486016,94248615936
2026-04-02 13:30,1215.36,1215.8,1216.48,1213.5,772033408,77203357696
2026-04-02 13:45,1215.78,1214.95,1216.21,1212.75,671901760,67190190080
2026-04-02 14:00,1214.96,1209.64,1215.11,1209.45,713732672,71373283328
2026-04-02 14:15,1209.61,1210.1,1210.1,1206.95,800199424,80019963904
2026-04-02 14:30,1210.62,1214.53,1216.96,1210.62,698834176,69883428864
2026-04-02 14:45,1214.39,1212.0,1215.32,1211.82,752895936,75289608192
2026-04-02 15:00,1212.0,1214.29,1214.29,1210.48,1257366656,125736681472
2026-04-03 09:45,1215.62,1203.18,1217.22,1203.05,3610261504,361026158592
2026-04-03 10:00,1203.15,1197.74,1205.05,1196.48,1801492864,180149305344
2026-04-03 10:15,1198.08,1192.61,1200.17,1192.28,1443007360,144300736512
2026-04-03 10:30,1192.52,1196.43,1196.43,1191.93,1083259776,108325994496
2026-04-03 10:45,1196.43,1194.4,1198.05,1194.4,958246720,95824683008
2026-04-03 11:00,1194.43,1192.39,1195.41,1192.39,719912512,71991263232
2026-04-03 11:15,1192.39,1191.14,1192.58,1191.0,607016960,60701712384
2026-04-03 11:30,1191.08,1188.99,1191.17,1188.99,567317760,56731787264
2026-04-03 13:15,1189.03,1186.29,1189.22,1184.77,826855936,82685607936
2026-04-03 13:30,1186.4,1186.48,1186.68,1184.98,645316800,64531701760
2026-04-03 13:45,1186.47,1192.38,1192.72,1185.51,678826048,67882614784
2026-04-03 14:00,1192.4,1191.38,1192.43,1189.56,562736000,56273612800
2026-04-03 14:15,1191.36,1190.73,1193.96,1188.5,595271424,59527168000
2026-04-03 14:30,1190.72,1188.27,1190.74,1188.18,540115200,54011535360
2026-04-03 14:45,1188.28,1186.39,1188.49,1185.59,826335232,82633539584
2026-04-03 15:00,1186.31,1185.75,1186.93,1185.75,1223184640,122318479360
2026-04-07 09:45,1186.21,1192.89,1193.6,1185.75,3754548224,375454826496
2026-04-07 10:00,1192.94,1196.95,1197.27,1192.94,1889979136,188997926912
2026-04-07 10:15,1196.84,1199.75,1200.81,1196.11,1321660800,132166090752
2026-04-07 10:30,1199.75,1200.16,1201.43,1198.64,1011026304,101102649344
2026-04-07 10:45,1200.31,1201.5,1202.36,1200.21,862710784,86271090688
2026-04-07 11:00,1201.56,1200.37,1202.42,1199.82,663911104,66391126016
2026-04-07 11:15,1200.46,1198.57,1201.59,1198.35,656556096,65655623680
2026-04-07 11:30,1198.49,1194.23,1198.49,1194.01,619414080,61941424128
2026-04-07 13:15,1194.11,1193.13,1197.48,1193.05,708752896,70875308032
2026-04-07 13:30,1193.14,1193.91,1193.98,1191.73,622397824,62239801344
2026-04-07 13:45,1194.01,1195.17,1196.57,1193.9,565949312,56594944000
2026-04-07 14:00,1195.09,1198.05,1198.25,1194.82,568555136,56855527424
2026-04-07 14:15,1198.14,1197.85,1198.88,1196.76,570822784,57082294272
2026-04-07 14:30,1197.84,1198.92,1199.3,1197.84,545355136,54535528448
2026-04-07 14:45,1198.82,1197.19,1198.87,1196.0,751182592,75118272512
2026-04-07 15:00,1197.15,1199.02,1199.36,1197.15,1122985472,112298573824
2026-04-08 09:45,1220.64,1226.52,1230.04,1220.64,1954116608,624908369920
2026-04-08 10:00,1226.31,1223.38,1227.55,1222.68,2662292480,266229252096
2026-04-08 10:15,1223.43,1229.88,1230.24,1223.43,1653141504,165314150400
2026-04-08 10:30,1229.87,1230.75,1230.92,1228.85,1301744000,130174402560
2026-04-08 10:45,1230.79,1234.2,1234.25,1230.79,1119942272,111994249216
2026-04-08 11:00,1234.19,1232.62,1234.98,1232.49,963794240,96379445248
2026-04-08 11:15,1232.62,1235.04,1235.12,1232.62,818140288,81814044672
2026-04-08 11:30,1235.09,1234.45,1235.63,1233.82,757186880,75718705152
2026-04-08 13:15,1234.68,1236.49,1236.53,1234.68,1282890752,128289095680
2026-04-08 13:30,1236.49,1237.76,1238.89,1236.4,1194187520,119418765312
2026-04-08 13:45,1237.63,1239.3,1239.46,1236.28,1050119872,105012002816
2026-04-08 14:00,1239.27,1239.49,1240.44,1239.15,909896384,90989658112
2026-04-08 14:15,1239.51,1240.14,1241.09,1239.4,846588032,84658814976
2026-04-08 14:30,1240.2,1239.93,1240.4,1239.27,833785728,83378593792
2026-04-08 14:45,1239.89,1241.78,1241.95,1239.89,1117237248,111723732992
2026-04-08 15:00,1241.84,1243.51,1243.51,1241.67,1746416640,174641676288
2026-04-09 09:45,1234.74,1232.72,1235.81,1230.61,973855744,526882340864
2026-04-09 10:00,1232.79,1233.81,1234.89,1230.13,2412593920,241259413504
2026-04-09 10:15,1233.83,1230.37,1233.83,1229.69,1798953088,179895320576
2026-04-09 10:30,1230.42,1229.08,1231.77,1229.08,1303729152,130372927488
2026-04-09 10:45,1229.05,1228.4,1229.11,1225.85,1136059392,113605951488
2026-04-09 11:00,1228.47,1228.71,1229.55,1228.02,915951808,91595202560
2026-04-09 11:15,1228.63,1225.34,1228.63,1225.22,857421184,85742133248
2026-04-09 11:30,1225.32,1224.52,1225.77,1224.17,657341248,65734139904
2026-04-09 13:15,1224.54,1222.03,1224.86,1221.05,1110549504,111054962688
2026-04-09 13:30,1222.01,1222.97,1222.97,1221.07,816944384,81694449664
2026-04-09 13:45,1222.99,1224.27,1224.29,1222.87,740179904,74018013184
2026-04-09 14:00,1224.27,1224.59,1225.31,1223.76,680247744,68024786944
2026-04-09 14:15,1224.6,1225.33,1226.52,1224.56,707580480,70758064128
2026-04-09 14:30,1225.38,1224.55,1225.61,1224.35,691565632,69156577280
2026-04-09 14:45,1224.49,1222.62,1224.62,1222.41,948265024,94826512384
2026-04-09 15:00,1222.71,1223.67,1224.74,1222.55,1427216384,142721662976
2026-04-10 09:45,1230.4,1238.57,1238.57,1230.4,853916160,514888368128
2026-04-10 10:00,1238.57,1243.05,1243.05,1238.57,2516637696,251663777792
2026-04-10 10:15,1243.08,1242.11,1244.04,1241.74,2003186560,200318664704
2026-04-10 10:30,1242.09,1241.25,1242.33,1240.5,1434490112,143449014272
2026-04-10 10:45,1241.13,1240.65,1242.89,1240.55,1350065024,135006511104
2026-04-10 11:00,1240.7,1241.45,1241.91,1240.05,990592384,99059261440
2026-04-10 11:15,1241.45,1239.93,1241.6,1239.83,964783104,96478322688
2026-04-10 11:30,1239.79,1238.13,1240.21,1237.91,722085696,72208588800
2026-04-10 13:15,1238.09,1235.9,1238.86,1234.51,1311323520,131132366848
2026-04-10 13:30,1235.93,1235.45,1236.62,1235.4,903114240,90311442432
2026-04-10 13:45,1235.42,1235.83,1235.95,1234.36,856560384,85656059904
2026-04-10 14:00,1235.79,1238.26,1238.5,1235.73,792141184,79214133248
2026-04-10 14:15,1238.24,1237.66,1238.67,1237.6,789414016,78941413376
2026-04-10 14:30,1237.68,1236.15,1237.68,1235.68,808487744,80848781312
2026-04-10 14:45,1236.17,1235.15,1236.27,1235.14,1070755200,107075534848
2026-04-10 15:00,1235.15,1233.85,1235.38,1233.66,1713630976,171363106816
2026-04-13 09:45,1228.09,1226.83,1230.76,1225.74,893279744,518824755200
2026-04-13 10:00,1226.92,1231.72,1232.88,1225.8,2428193536,242819366912
2026-04-13 10:15,1231.73,1230.6,1231.77,1229.85,1703805184,170380541952
2026-04-13 10:30,1230.53,1229.89,1230.68,1228.44,1303631616,130363195392
2026-04-13 10:45,1229.88,1229.75,1230.21,1229.29,1116035584,111603597312
2026-04-13 11:00,1229.75,1227.89,1229.75,1226.51,902572736,90257285120
2026-04-13 11:15,1227.85,1226.52,1228.53,1226.03,789325632,78932574208
2026-04-13 11:30,1226.5,1226.84,1226.84,1225.24,700656064,70065627136
2026-04-13 13:15,1226.9,1226.89,1228.57,1224.82,1142465664,114246574080
2026-04-13 13:30,1226.8,1228.14,1228.67,1226.69,850957248,85095735296
2026-04-13 13:45,1228.12,1230.65,1230.67,1227.8,891799104,89179930624
2026-04-13 14:00,1230.65,1229.72,1230.65,1229.56,723098176,72309833728
2026-04-13 14:15,1229.8,1231.19,1232.01,1229.79,734836480,73483665408
2026-04-13 14:30,1231.16,1230.93,1231.25,1230.51,685339008,68533911552
2026-04-13 14:45,1230.96,1229.68,1231.02,1228.87,982133888,98213404672
2026-04-13 15:00,1229.69,1231.42,1231.42,1229.31,1487941248,148794146816
2026-04-14 09:45,1238.3,1231.42,1239.28,1231.42,986961408,528192897024
2026-04-14 10:00,1231.42,1234.49,1235.98,1231.42,2495660288,249566035968
2026-04-14 10:15,1234.44,1233.28,1234.51,1232.02,1831120000,183112024064
2026-04-14 10:30,1233.31,1233.15,1233.77,1232.79,1432562176,143256240128
2026-04-14 10:45,1233.18,1231.42,1233.18,1229.79,1254946816,125494706176
2026-04-14 11:00,1231.42,1229.75,1232.41,1229.75,1054701952,105470205952
2026-04-14 11:15,1229.8,1230.17,1230.23,1229.11,904516864,90451705856
2026-04-14 11:30,1230.23,1231.42,1231.42,1230.11,823809664,82380972032
2026-04-14 13:15,1231.42,1231.06,1231.42,1229.58,1316832896,131683303424
2026-04-14 13:30,1230.99,1228.96,1231.42,1228.36,1180784512,118078472192
2026-04-14 13:45,1228.97,1228.18,1229.4,1226.51,1007045888,100704600064
2026-04-14 14:00,1228.21,1229.36,1229.41,1227.31,765648128,76564824064
2026-04-14 14:15,1229.42,1231.42,1232.94,1229.4,787524480,78752464896
2026-04-14 14:30,1231.42,1231.47,1232.48,1231.42,785425920,78542610432
2026-04-14 14:45,1231.42,1236.75,1236.75,1231.42,1180027520,118002761728
2026-04-14 15:00,1236.87,1239.1,1239.1,1236.8,1865544192,186554417152
2026-04-15 09:45,1242.54,1239.1,1243.03,1238.07,1523997184,581896503296
2026-04-15 10:00,1239.1,1242.23,1242.42,1239.1,2747669504,274766954496
2026-04-15 10:15,1242.26,1240.43,1242.84,1239.1,1937908096,193790820352
2026-04-15 10:30,1240.42,1239.1,1240.92,1239.1,1357690368,135769063424
2026-04-15 10:45,1239.1,1239.1,1239.1,1237.47,1272551424,127255150592
2026-04-15 11:00,1239.1,1237.62,1239.1,1237.38,1118746624,111874670592
2026-04-15 11:15,1237.56,1236.02,1237.56,1235.04,947154176,94715428864
2026-04-15 11:30,1236.04,1238.09,1238.11,1236.03,735082176,73508241408
2026-04-15 13:15,1238.13,1236.16,1238.35,1236.04,1105507968,110550794240
2026-04-15 13:30,1236.16,1235.16,1236.25,1234.66,995272896,99527311360
2026-04-15 13:45,1235.13,1235.09,1235.94,1234.22,885213312,88521342976
2026-04-15 14:00,1235.07,1234.93,1235.25,1233.86,744112768,74411286528
2026-04-15 14:15,1235.01,1232.33,1235.61,1232.27,860417088,86041722880
2026-04-15 14:30,1232.23,1231.86,1232.33,1230.81,917539776,91753996288
2026-04-15 14:45,1231.87,1229.66,1232.43,1229.28,1252082432,125208264704
2026-04-15 15:00,1229.55,1231.05,1231.52,1229.0,1598981376,159898157056
2026-04-16 09:45,1231.44,1231.05,1232.67,1228.52,700106752,499507363840
2026-04-16 10:00,1231.05,1231.61,1233.79,1231.05,2405659648,240565977088
2026-04-16 10:15,1231.48,1234.98,1235.7,1231.39,1858242048,185824215040
2026-04-16 10:30,1235.01,1234.91,1236.08,1234.63,1463838080,146383831040
2026-04-16 10:45,1234.94,1235.71,1236.74,1234.84,1156372608,115637280768
2026-04-16 11:00,1235.71,1236.47,1236.61,1234.48,1050259712,105025986560
2026-04-16 11:15,1236.53,1238.21,1238.56,1236.5,972446848,97244692480
2026-04-16 11:30,1238.17,1238.77,1238.97,1238.09,796881088,79688122368
2026-04-16 13:15,1238.74,1236.77,1238.95,1235.79,1459736064,145973641216
2026-04-16 13:30,1236.78,1238.28,1238.32,1236.41,964138432,96413859840
2026-04-16 13:45,1238.21,1238.54,1239.12,1238.21,891512704,89151291392
2026-04-16 14:00,1238.58,1242.01,1242.17,1238.46,818289664,81828970496
2026-04-16 14:15,1241.94,1244.16,1244.17,1241.77,856147840,85614804992
2026-04-16 14:30,1244.12,1243.55,1244.35,1243.48,876017920,87601799168
2026-04-16 14:45,1243.6,1244.65,1244.95,1243.6,1192681088,119268114432
2026-04-16 15:00,1244.69,1243.97,1244.89,1243.94,1792421120,179242106880
2026-04-17 09:45,1241.79,1236.92,1241.79,1236.48,1352373760,564734132224
2026-04-17 10:00,1236.94,1234.12,1237.83,1232.95,2868650240,286865031168
2026-04-17 10:15,1234.22,1233.89,1234.78,1233.16,2020843520,202084384768
2026-04-17 10:30,1233.85,1235.47,1235.98,1233.79,1493379840,149337997312
2026-04-17 10:45,1235.43,1236.33,1236.95,1235.33,1136420864,113642110976
2026-04-17 11:00,1236.33,1235.94,1237.69,1235.94,1018628736,101862891520
2026-04-17 11:15,1235.94,1235.27,1235.94,1234.89,870249984,87025016832
2026-04-17 11:30,1235.3,1234.32,1235.88,1234.19,840998976,84099915776
2026-04-17 13:15,1234.32,1234.53,1234.79,1233.35,1174077952,117407825920
2026-04-17 13:30,1234.54,1236.44,1236.79,1233.82,947833856,94783406080
2026-04-17 13:45,1236.37,1238.66,1238.67,1236.24,881878400,88187846656
2026-04-17 14:00,1238.58,1242.55,1243.97,1238.58,1010953600,101095366656
2026-04-17 14:15,1242.55,1242.01,1243.97,1241.94,918604032,91860426752
2026-04-17 14:30,1242.01,1240.37,1242.01,1240.37,889016320,88901648384
2026-04-17 14:45,1240.53,1240.58,1241.41,1240.27,1105023232,110502338560
2026-04-17 15:00,1240.56,1241.02,1241.17,1240.55,1705341184,170534141952
2026-04-20 09:45,1241.02,1241.02,1241.02,1237.6,1738002944,603297087488
2026-04-20 10:00,1241.02,1244.18,1245.4,1241.02,2891570432,289157054464
2026-04-20 10:15,1244.19,1242.91,1244.19,1241.78,2211746304,221174628352
2026-04-20 10:30,1242.88,1244.97,1245.43,1242.83,1632022016,163202203648
2026-04-20 10:45,1244.91,1244.66,1245.84,1244.46,1239339520,123933974528
2026-04-20 11:00,1244.66,1245.17,1245.18,1243.98,1121833472,112183361536
2026-04-20 11:15,1245.22,1243.77,1245.8,1243.57,1179843200,117984329728
2026-04-20 11:30,1243.78,1245.4,1245.41,1242.28,954092288,95409242112
2026-04-20 13:15,1245.45,1246.71,1247.3,1245.21,1333964032,133396414464
2026-04-20 13:30,1246.71,1244.86,1247.37,1244.68,1015129472,101512962048
2026-04-20 13:45,1244.9,1242.33,1245.09,1242.08,1023677184,102367739904
2026-04-20 14:00,1242.43,1243.76,1244.13,1242.43,894691328,89469149184
2026-04-20 14:15,1243.74,1243.71,1244.02,1243.37,804495936,80449609728
2026-04-20 14:30,1243.73,1245.51,1245.87,1243.68,838719488,83871956992
2026-04-20 14:45,1245.52,1246.26,1246.3,1245.35,1101685504,110168571904
2026-04-20 15:00,1246.25,1246.86,1246.95,1245.85,1789653504,178965364736
2026-04-21 09:45,1245.44,1239.13,1245.44,1237.34,1645840384,594080759808
2026-04-21 10:00,1239.08,1238.78,1239.26,1235.78,2749835776,274983550976
2026-04-21 10:15,1238.9,1235.97,1238.9,1235.67,1834632448,183463247872
2026-04-21 10:30,1235.94,1236.5,1236.52,1234.27,1517583104,151758323712
2026-04-21 10:45,1236.54,1237.35,1238.15,1235.4,1183444224,118344433664
2026-04-21 11:00,1237.28,1235.48,1237.3,1235.38,1000515200,100051533824
2026-04-21 11:15,1235.64,1235.49,1235.84,1234.29,868344000,86834413568
2026-04-21 11:30,1235.52,1234.81,1235.8,1234.45,742675520,74267566080
2026-04-21 13:15,1234.86,1236.63,1236.63,1234.82,1214127488,121412763648
2026-04-21 13:30,1236.69,1237.51,1239.19,1236.69,982602112,98260238336
2026-04-21 13:45,1237.52,1238.62,1238.71,1237.12,952594048,95259418624
2026-04-21 14:00,1238.69,1236.34,1238.87,1236.34,859855296,85985542144
2026-04-21 14:15,1236.32,1234.42,1236.32,1234.27,865566592,86556672000
2026-04-21 14:30,1234.39,1237.99,1238.08,1233.99,837081984,83708215296
2026-04-21 14:45,1238.01,1239.21,1240.81,1238.01,1064078080,106407821312
2026-04-21 15:00,1239.21,1239.76,1240.41,1239.19,1652935808,165293588480
2026-04-22 09:45,1236.01,1238.53,1238.58,1233.47,938824704,523379212288
2026-04-22 10:00,1238.56,1235.92,1238.68,1235.08,2707275264,270727544832
2026-04-22 10:15,1235.85,1236.27,1236.35,1232.52,2182301440,218230161408
2026-04-22 10:30,1236.26,1236.44,1237.0,1235.96,1444141056,144414130176
2026-04-22 10:45,1236.55,1236.49,1237.07,1235.75,1339218688,133921882112
2026-04-22 11:00,1236.32,1237.11,1237.75,1236.09,1126216192,112621641728
2026-04-22 11:15,1237.13,1237.71,1238.45,1236.85,981208064,98120810496
2026-04-22 11:30,1237.71,1239.33,1239.39,1237.54,925303552,92530360320
2026-04-22 13:15,1239.33,1237.64,1239.76,1236.96,1411292416,141129252864
2026-04-22 13:30,1237.66,1239.76,1239.76,1237.13,1131385216,113138532352
2026-04-22 13:45,1239.76,1240.09,1241.29,1239.76,1115489536,111548973056
2026-04-22 14:00,1239.76,1239.76,1239.76,1239.41,1025934720,102593495040
2026-04-22 14:15,1239.76,1238.62,1239.93,1238.55,1040027648,104002781184
2026-04-22 14:30,1238.65,1239.76,1239.95,1238.64,965804160,96580435968
2026-04-22 14:45,1239.76,1239.76,1240.3,1239.76,1257273344,125727358976
2026-04-22 15:00,1240.04,1241.71,1241.88,1239.76,1902067968,190206803968
2026-04-23 09:45,1241.71,1230.25,1241.71,1230.12,2403424256,669839196160
2026-04-23 10:00,1230.25,1228.31,1231.19,1225.8,3932649472,393264955392
2026-04-23 10:15,1228.39,1229.18,1230.23,1227.51,2426655488,242665553920
2026-04-23 10:30,1229.17,1232.05,1232.74,1229.09,1709629184,170962944000
2026-04-23 10:45,1232.02,1230.61,1233.02,1230.26,1439099392,143909961728
2026-04-23 11:00,1230.59,1229.01,1230.62,1228.86,1209241088,120924135424
2026-04-23 11:15,1228.98,1226.21,1229.08,1225.54,1067662784,106766286848
2026-04-23 11:30,1226.17,1221.98,1226.17,1221.87,1143648768,114364891136
2026-04-23 13:15,1221.84,1223.27,1223.28,1220.01,1308261120,130826125312
2026-04-23 13:30,1223.28,1223.13,1223.95,1221.48,989014336,98901450752
2026-04-23 13:45,1223.2,1223.4,1224.59,1221.91,968900416,96890052608
2026-04-23 14:00,1223.39,1226.22,1226.24,1223.39,921380352,92138045440
2026-04-23 14:15,1226.23,1223.39,1227.23,1223.36,855997696,85599780864
2026-04-23 14:30,1223.29,1221.49,1223.53,1221.49,831094400,83109453824
2026-04-23 14:45,1221.57,1225.31,1225.31,1220.75,1067579008,106757914624
2026-04-23 15:00,1225.33,1224.69,1226.29,1224.69,1664119680,166411993088
2026-04-24 09:45,1220.07,1216.24,1221.08,1214.73,1683891712,597885976576
2026-04-24 10:00,1216.42,1213.56,1216.75,1209.62,2758870528,275887063040
2026-04-24 10:15,1213.61,1213.27,1213.61,1210.43,2162368256,216236818432
2026-04-24 10:30,1213.45,1214.81,1215.15,1213.19,1439673216,143967338496
2026-04-24 10:45,1214.71,1215.67,1217.73,1214.7,1446309376,144630939648
2026-04-24 11:00,1215.84,1216.22,1216.53,1214.64,1334094336,133409439744
2026-04-24 11:15,1216.2,1213.22,1216.35,1213.22,1311918208,131191832576
2026-04-24 11:30,1213.29,1212.98,1214.24,1212.27,969840256,96984039424
2026-04-24 13:15,1213.07,1211.63,1215.48,1210.92,1543768832,154376880128
2026-04-24 13:30,1211.61,1212.73,1213.12,1210.77,973981824,97398194176
2026-04-24 13:45,1212.76,1213.89,1214.37,1211.76,935625344,93562552320
2026-04-24 14:00,1213.9,1214.54,1214.54,1213.04,775773376,77577355264
2026-04-24 14:15,1214.47,1219.94,1220.63,1214.3,1028886016,102888611840
2026-04-24 14:30,1219.94,1221.64,1223.34,1219.62,1023881920,102388195328
2026-04-24 14:45,1221.61,1220.3,1222.79,1220.1,1211375872,121137610752
2026-04-24 15:00,1220.26,1217.29,1220.26,1217.29,1680998528,168099856384
2026-04-27 09:45,1215.93,1206.39,1215.93,1204.56,2291789824,658675728384
2026-04-27 10:00,1206.37,1210.96,1213.25,1205.67,2875949568,287594971136
2026-04-27 10:15,1210.95,1214.34,1215.29,1210.76,2065054720,206505492480
2026-04-27 10:30,1214.32,1212.72,1215.07,1212.72,1575056896,157505716224
2026-04-27 10:45,1212.69,1211.93,1214.11,1211.71,1293717760,129371791360
2026-04-27 11:00,1211.89,1212.55,1212.69,1210.16,1027520896,102752108544
2026-04-27 11:15,1212.55,1215.75,1215.79,1210.92,926710528,92671066112
2026-04-27 11:30,1215.8,1216.38,1217.29,1215.8,757466240,75746639872
2026-04-27 13:15,1216.53,1219.76,1220.15,1215.91,1304236544,130423676928
2026-04-27 13:30,1219.69,1221.83,1222.03,1219.19,1072271488,107227160576
2026-04-27 13:45,1221.85,1221.19,1222.45,1220.49,1043051776,104305197056
2026-04-27 14:00,1221.19,1221.46,1222.36,1221.19,863082368,86308249600
2026-04-27 14:15,1221.41,1223.76,1224.39,1221.27,880436480,88043659264
2026-04-27 14:30,1223.72,1222.43,1223.81,1222.13,953940480,95394062336
2026-04-27 14:45,1222.48,1223.85,1223.9,1222.07,1112202880,111220301824
2026-04-27 15:00,1223.8,1224.22,1224.62,1223.71,1710631424,171063164928
2026-04-28 09:45,1220.33,1220.87,1221.91,1218.75,1893907456,618887512064
2026-04-28 10:00,1220.71,1217.35,1222.27,1217.35,2903691264,290369142784
2026-04-28 10:15,1217.29,1217.21,1218.25,1214.81,2248160256,224816037888
2026-04-28 10:30,1217.22,1214.13,1217.26,1214.0,1469960704,146996101120
2026-04-28 10:45,1214.17,1215.11,1215.45,1213.32,1217262336,121726238720
2026-04-28 11:00,1215.08,1213.12,1215.14,1212.29,953357184,95335727104
2026-04-28 11:15,1213.15,1211.96,1214.14,1211.46,901763328,90176348160
2026-04-28 11:30,1211.92,1212.88,1214.48,1211.63,817463808,81746395136
2026-04-28 13:15,1212.88,1210.54,1212.91,1210.12,1240635904,124063612928
2026-04-28 13:30,1210.46,1209.95,1210.69,1209.48,979023744,97902395392
2026-04-28 13:45,1209.96,1206.08,1209.99,1205.29,1079915520,107991564288
2026-04-28 14:00,1206.08,1208.41,1208.6,1205.09,866081152,86608125952
2026-04-28 14:15,1208.42,1211.38,1211.44,1207.56,855229440,85522956288
2026-04-28 14:30,1211.29,1206.04,1211.29,1206.04,991280000,99128016896
2026-04-28 14:45,1206.03,1208.36,1208.42,1205.44,1190258816,119025893376
2026-04-28 15:00,1208.37,1209.65,1210.15,1208.36,1601771648,160177160192
2026-04-29 09:45,1205.38,1214.76,1215.89,1205.29,1127931392,542289887232
2026-04-29 10:00,1214.73,1217.14,1218.41,1214.42,2566711808,256671203328
2026-04-29 10:15,1217.13,1220.22,1220.35,1216.67,2275806208,227580608512
2026-04-29 10:30,1220.13,1220.85,1220.85,1219.13,1484967936,148496809984
2026-04-29 10:45,1220.85,1220.7,1221.68,1220.33,1356189056,135618912256
2026-04-29 11:00,1220.7,1221.15,1222.07,1220.62,1170582016,117058224128
2026-04-29 11:15,1221.17,1223.94,1224.09,1221.15,1083478272,108347834368
2026-04-29 11:30,1223.98,1223.78,1224.42,1223.4,968929536,96892960768
2026-04-29 13:15,1223.82,1223.35,1224.54,1223.32,1414175616,141417594880
2026-04-29 13:30,1223.32,1223.93,1224.02,1222.0,1143061760,114306187264
2026-04-29 13:45,1223.89,1224.36,1224.44,1223.14,1047173312,104717344768
2026-04-29 14:00,1224.38,1224.53,1224.86,1224.11,1009009920,100901003264
2026-04-29 14:15,1224.53,1224.98,1225.62,1224.43,982487424,98248753152
2026-04-29 14:30,1224.96,1224.77,1225.78,1224.72,1020302464,102030262272
2026-04-29 14:45,1224.73,1223.4,1224.78,1222.96,1296547200,129654734848
2026-04-29 15:00,1223.49,1222.99,1223.7,1222.56,1846415360,184641552384
2026-04-30 09:45,1222.49,1222.99,1224.81,1220.48,2200627200,649559408640
2026-04-30 10:00,1222.99,1225.41,1226.01,1222.99,3235148288,323514859520
2026-04-30 10:15,1225.44,1225.31,1226.01,1224.01,2136843264,213684355072
2026-04-30 10:30,1225.31,1226.26,1226.26,1224.1,1729780224,172978012160
2026-04-30 10:45,1226.19,1224.5,1226.3,1224.44,1474482176,147448233984
2026-04-30 11:00,1224.48,1222.99,1224.48,1222.99,1133936256,113393647616
2026-04-30 11:15,1222.99,1224.7,1224.88,1222.99,1060644224,106064445440
2026-04-30 11:30,1224.81,1225.26,1225.44,1224.04,916732672,91673280512
2026-04-30 13:15,1225.37,1222.99,1225.44,1222.18,1479259904,147926024192
2026-04-30 13:30,1222.99,1221.47,1222.99,1221.26,1019303168,101930328064
2026-04-30 13:45,1221.37,1222.99,1222.99,1221.09,1021905152,102190530560
2026-04-30 14:00,1222.99,1224.68,1224.79,1222.99,937194112,93719420928
2026-04-30 14:15,1224.67,1224.75,1225.61,1224.43,939716480,93971660800
2026-04-30 14:30,1224.75,1224.43,1224.87,1223.94,928916864,92891701248
2026-04-30 14:45,1224.46,1224.78,1225.95,1224.4,1237916672,123791695872
2026-04-30 15:00,1224.76,1224.84,1225.13,1224.55,1844869888,184486985728
2026-05-06 09:45,1229.07,1232.83,1234.72,1229.07,3379582976,767455068160
2026-05-06 10:00,1232.83,1234.36,1234.73,1232.71,3588240640,358824083456
2026-05-06 10:15,1234.28,1237.05,1237.08,1234.28,2675335424,267533582336
2026-05-06 10:30,1237.05,1237.48,1238.01,1236.55,1893452416,189345267712
2026-05-06 10:45,1237.52,1236.47,1238.21,1235.97,1575516416,157551640576
2026-05-06 11:00,1236.43,1237.13,1237.19,1235.74,1353710080,135371022336
2026-05-06 11:15,1237.14,1238.3,1238.67,1237.14,1175140352,117514051584
2026-05-06 11:30,1238.35,1239.25,1239.52,1238.13,994514624,99451486208
2026-05-06 13:15,1239.31,1237.75,1239.42,1237.61,1684102784,168410300416
2026-05-06 13:30,1237.77,1237.9,1238.54,1237.54,1389317632,138931798016
2026-05-06 13:45,1237.82,1238.22,1238.84,1237.68,1219281920,121928204288
2026-05-06 14:00,1238.3,1236.78,1238.88,1236.48,1137408512,113740873728
2026-05-06 14:15,1236.78,1232.86,1236.88,1231.47,1695438080,169543827456
2026-05-06 14:30,1232.81,1235.4,1235.5,1232.81,1141431552,114143174656
2026-05-06 14:45,1235.33,1236.09,1236.15,1234.73,1297334016,129733419008
2026-05-06 15:00,1235.91,1237.27,1237.27,1235.64,1971185792,197118590976
2026-05-07 09:45,1238.29,1238.04,1240.18,1237.77,2498267136,679323500544
2026-05-07 10:00,1238.1,1240.78,1242.11,1237.92,3578298112,357829836800
2026-05-07 10:15,1240.76,1242.33,1243.19,1240.54,2515181568,251518205952
2026-05-07 10:30,1242.32,1241.84,1242.49,1241.08,2008866816,200886681600
2026-05-07 10:45,1241.87,1241.74,1242.09,1240.96,1543362176,154336231424
2026-05-07 11:00,1241.65,1242.25,1243.58,1241.65,1319617152,131961716736
2026-05-07 11:15,1242.28,1243.14,1243.24,1241.93,1145098240,114509840384
2026-05-07 11:30,1243.18,1244.21,1244.67,1243.12,1086925952,108692611072
2026-05-07 13:15,1244.34,1243.19,1244.63,1241.9,1862091008,186209107968
2026-05-07 13:30,1243.22,1241.65,1243.22,1241.48,1483747328,148374749184
2026-05-07 13:45,1241.64,1242.94,1242.97,1241.58,1222453248,122245349376
2026-05-07 14:00,1243.03,1244.34,1245.07,1243.03,1293184128,129318420480
2026-05-07 14:15,1244.27,1244.38,1244.89,1244.15,1121811712,112181182464
2026-05-07 14:30,1244.41,1245.03,1245.25,1244.33,1084977792,108497797120
2026-05-07 14:45,1245.08,1245.03,1246.07,1244.71,1489209472,148920958976
2026-05-07 15:00,1245.02,1245.74,1245.75,1244.99,2134956416,213495644160
2026-05-08 09:45,1243.85,1247.09,1247.39,1241.87,2277194752,657216241664
2026-05-08 10:00,1247.05,1247.53,1247.91,1245.74,3233678848,323367895040
2026-05-08 10:15,1247.62,1247.63,1248.85,1247.12,2642766336,264276639744
2026-05-08 10:30,1247.61,1248.62,1249.13,1247.6,2102899968,210290016256
2026-05-08 10:45,1248.67,1249.12,1249.85,1248.37,1584785536,158478565376
2026-05-08 11:00,1249.11,1249.27,1249.78,1248.62,1406825728,140682592256
2026-05-08 11:15,1249.22,1248.48,1249.25,1245.74,1413555456,141355565056
2026-05-08 11:30,1248.51,1248.43,1248.75,1247.75,894282880,89428295680
2026-05-08 13:15,1248.49,1250.92,1251.23,1248.49,1428962560,142896267264
2026-05-08 13:30,1251.0,1251.73,1251.88,1250.63,1235657728,123565785088
2026-05-08 13:45,1251.79,1253.13,1253.18,1251.38,1213544576,121354469376
2026-05-08 14:00,1253.14,1255.12,1256.05,1253.09,1216917632,121691783168
2026-05-08 14:15,1255.19,1254.1,1255.47,1253.86,1229993728,122999390208
2026-05-08 14:30,1254.11,1254.1,1254.58,1253.46,1116190208,111619031040
2026-05-08 14:45,1254.14,1254.14,1254.8,1253.82,1391136640,139113693184
2026-05-08 15:00,1253.95,1254.65,1254.65,1253.59,2074163456,207416344576
2026-05-11 09:45,1256.69,1252.06,1258.2,1249.74,4238232064,853319942144
2026-05-11 10:00,1252.13,1253.05,1253.27,1251.51,3991591936,399159197696
2026-05-11 10:15,1253.06,1254.65,1254.65,1252.43,2777400320,277740060672
2026-05-11 10:30,1254.65,1253.56,1254.65,1252.63,2152365824,215236591616
2026-05-11 10:45,1253.58,1254.65,1254.65,1253.47,1730194304,173019430912
2026-05-11 11:00,1254.65,1254.65,1254.65,1253.67,1478480896,147848085504
2026-05-11 11:15,1254.65,1256.12,1256.12,1254.65,1339333120,133933318144
2026-05-11 11:30,1256.04,1257.31,1257.53,1255.81,1230364928,123036499968
2026-05-11 13:15,1257.36,1254.65,1257.74,1252.81,2153435392,215343546368
2026-05-11 13:30,1254.65,1254.65,1254.65,1252.92,1560136960,156013707264
2026-05-11 13:45,1254.65,1254.65,1255.28,1253.92,1352463616,135246381056
2026-05-11 14:00,1254.65,1255.81,1255.81,1254.65,1223084032,122308411392
2026-05-11 14:15,1255.78,1257.84,1258.16,1255.77,1256065408,125606559744
2026-05-11 14:30,1257.82,1258.55,1258.65,1257.28,1245010048,124501016576
2026-05-11 14:45,1258.61,1257.65,1259.35,1257.12,1453806336,145380638720
2026-05-11 15:00,1257.54,1258.6,1258.99,1257.51,2178385408,217838534656
2026-05-12 09:45,1258.6,1249.82,1258.6,1248.7,3158159872,745312616448
2026-05-12 10:00,1249.93,1250.62,1253.26,1249.86,3656658688,365665878016
2026-05-12 10:15,1250.67,1248.41,1250.67,1248.24,2740130816,274013093888
2026-05-12 10:30,1248.44,1247.07,1248.92,1247.07,2033190400,203319083008
2026-05-12 10:45,1246.91,1248.84,1248.87,1245.82,1777814272,177781440512
2026-05-12 11:00,1248.79,1247.39,1249.55,1247.39,1445547136,144554721280
2026-05-12 11:15,1247.39,1245.8,1247.74,1245.65,1222909184,122290929664
2026-05-12 11:30,1245.86,1239.53,1246.04,1238.9,1565960448,156596060160
2026-05-12 13:15,1239.53,1239.49,1239.77,1237.36,1960057472,196005756928
2026-05-12 13:30,1239.43,1240.93,1241.31,1238.6,1248088576,124808871936
2026-05-12 13:45,1241.0,1238.17,1241.0,1238.09,1155090688,115509092352
2026-05-12 14:00,1238.19,1240.08,1240.09,1237.39,1045747200,104574746624
2026-05-12 14:15,1240.09,1238.37,1241.04,1237.97,1051262336,105126248448
2026-05-12 14:30,1238.39,1239.94,1241.08,1238.15,1027325440,102732562432
2026-05-12 14:45,1239.87,1241.67,1241.75,1239.87,1314874624,131487481856
2026-05-12 15:00,1241.67,1240.82,1241.89,1240.56,1999806080,199980613632
2026-05-13 09:45,1239.41,1238.4,1239.42,1236.47,2049353728,634432126976
2026-05-13 10:00,1238.38,1239.02,1240.82,1236.17,3441003008,344100306944
2026-05-13 10:15,1239.02,1241.82,1242.23,1238.71,2385389568,238538981376
2026-05-13 10:30,1241.82,1243.48,1243.52,1241.61,1919489408,191948963840
2026-05-13 10:45,1243.48,1241.86,1244.19,1241.57,1746775424,174677557248
2026-05-13 11:00,1241.89,1240.82,1242.64,1240.82,1422315776,142231584768
2026-05-13 11:15,1240.82,1243.86,1243.89,1240.82,1312801664,131280175104
2026-05-13 11:30,1243.9,1244.03,1245.94,1243.9,1293588096,129358823424
2026-05-13 13:15,1244.14,1244.42,1245.06,1243.6,2155866624,215586668544
2026-05-13 13:30,1244.44,1244.1,1244.72,1243.66,1579429888,157942988800
2026-05-13 13:45,1244.15,1245.15,1245.75,1243.66,1426008832,142600896512
2026-05-13 14:00,1245.12,1243.69,1245.29,1242.82,1285850368,128585056256
2026-05-13 14:15,1243.6,1243.08,1243.97,1242.66,1262507264,126250737664
2026-05-13 14:30,1243.07,1243.12,1243.68,1242.8,1240206976,124020703232
2026-05-13 14:45,1243.12,1244.41,1244.75,1243.12,1626899712,162689990656
2026-05-13 15:00,1244.43,1245.12,1245.12,1244.12,2199898880,219989901312
2026-05-14 09:45,1246.02,1235.0,1246.91,1233.68,3742940160,803790716928
2026-05-14 10:00,1235.18,1232.52,1236.6,1231.61,4130266624,413026615296
2026-05-14 10:15,1232.55,1231.43,1233.86,1230.86,2725628928,272562913280
2026-05-14 10:30,1231.51,1231.97,1233.71,1231.16,1989306368,198930628608
2026-05-14 10:45,1231.97,1229.34,1233.26,1228.69,1933389952,193339031552
2026-05-14 11:00,1229.31,1228.84,1231.26,1228.72,1329848576,132984889344
2026-05-14 11:15,1228.84,1223.46,1228.94,1223.31,1451619840,145161994240
2026-05-14 11:30,1223.53,1225.66,1225.66,1221.39,1268465536,126846574592
2026-05-14 13:15,1225.67,1228.04,1228.29,1223.28,1493165696,149316583424
2026-05-14 13:30,1228.08,1231.11,1231.56,1228.02,1159229184,115922927616
2026-05-14 13:45,1231.1,1227.9,1231.4,1227.11,1207706496,120770666496
2026-05-14 14:00,1228.02,1227.77,1229.41,1227.77,1002902784,100290289664
2026-05-14 14:15,1227.76,1231.7,1231.74,1227.66,1035008576,103500865536
2026-05-14 14:30,1231.82,1230.31,1233.29,1230.05,1119337472,111933759488
2026-05-14 14:45,1230.32,1225.96,1230.63,1225.82,1424402816,142440300544
2026-05-14 15:00,1225.92,1219.66,1225.96,1219.66,2572901120,257290125312
2026-05-15 09:45,1219.66,1219.66,1222.23,1216.97,2547281920,684224937984
2026-05-15 10:00,1219.66,1214.17,1219.66,1213.82,3998782976,399878324224
2026-05-15 10:15,1214.17,1215.19,1215.19,1211.12,2796162048,279616192512
2026-05-15 10:30,1215.19,1214.05,1216.74,1213.87,1894436096,189443620864
2026-05-15 10:45,1214.12,1217.57,1217.57,1213.91,1750410368,175041052672
2026-05-15 11:00,1217.67,1220.23,1221.51,1217.61,1634494976,163449503744
2026-05-15 11:15,1220.32,1223.55,1224.4,1220.22,1657110272,165711020032
2026-05-15 11:30,1223.44,1223.26,1224.04,1220.5,1301595136,130159525888
2026-05-15 13:15,1223.4,1219.66,1223.41,1216.61,1896697472,189669752832
2026-05-15 13:30,1219.66,1221.7,1222.63,1218.46,1232188800,123218903040
2026-05-15 13:45,1221.63,1213.77,1221.69,1213.74,1389899008,138989928448
2026-05-15 14:00,1213.74,1208.57,1213.74,1208.56,1345410048,134541025280
2026-05-15 14:15,1208.45,1207.52,1208.62,1203.86,1477758848,147775897600
2026-05-15 14:30,1207.43,1205.21,1210.59,1205.21,1053114944,105311510528
2026-05-15 14:45,1205.2,1209.19,1209.41,1202.58,1550165248,155016544256
2026-05-15 15:00,1209.25,1209.45,1211.88,1209.06,1881862144,188186198016
2026-05-18 09:45,1205.81,1202.61,1205.81,1195.61,2562449408,685741703168
2026-05-18 10:00,1202.62,1204.86,1205.6,1200.43,3274682368,327468220416
2026-05-18 10:15,1204.84,1203.21,1207.49,1200.16,2564454144,256445431808
2026-05-18 10:30,1203.25,1200.0,1203.25,1199.48,1816041216,181604139008
2026-05-18 10:45,1200.0,1200.24,1200.94,1199.1,1527340288,152734040064
2026-05-18 11:00,1200.29,1197.57,1201.63,1197.52,1281485696,128148586496
2026-05-18 11:15,1197.57,1197.5,1200.99,1197.01,1151375104,115137527808
2026-05-18 11:30,1197.46,1199.64,1199.65,1196.58,967431424,96743153664
2026-05-18 13:15,1199.58,1201.22,1203.08,1199.58,1436311808,143631204352
2026-05-18 13:30,1201.22,1203.61,1203.61,1200.55,1093261952,109326213120
2026-05-18 13:45,1203.59,1207.14,1207.53,1203.44,1008022912,100802306048
2026-05-18 14:00,1207.13,1200.3,1207.13,1200.28,1031476608,103147675648
2026-05-18 14:15,1200.38,1199.73,1200.42,1196.77,1289607936,128960806912
2026-05-18 14:30,1199.76,1199.31,1201.75,1199.24,901281536,90128171008
2026-05-18 14:45,1199.31,1199.76,1201.46,1198.38,1217686272,121768640512
2026-05-18 15:00,1199.68,1205.41,1205.61,1199.68,1752858624,175285862400
2026-05-19 09:45,1205.41,1211.67,1214.2,1204.29,1576080384,587104780288
2026-05-19 10:00,1211.68,1208.84,1212.36,1208.69,3132034304,313203425280
2026-05-19 10:15,1208.77,1205.41,1208.79,1205.41,2795441152,279544135680
2026-05-19 10:30,1205.41,1201.78,1206.97,1201.67,1883683968,188368404480
2026-05-19 10:45,1201.83,1202.02,1204.44,1201.37,1457097472,145709760512
2026-05-19 11:00,1201.98,1200.6,1202.05,1200.0,1102787840,110278795264
2026-05-19 11:15,1200.65,1202.64,1202.72,1200.1,1037146880,103714701312
2026-05-19 11:30,1202.52,1203.22,1203.61,1200.72,995315904,99531603968
2026-05-19 13:15,1203.23,1205.41,1205.41,1199.77,1445390336,144539041792
2026-05-19 13:30,1205.41,1204.08,1205.41,1203.14,1234817536,123481767936
2026-05-19 13:45,1204.02,1205.41,1205.41,1203.36,1183969024,118396919808
2026-05-19 14:00,1205.41,1207.02,1207.47,1205.41,1089470080,108947030016
2026-05-19 14:15,1207.02,1208.33,1208.77,1205.84,1105314688,110531485696
2026-05-19 14:30,1208.36,1211.15,1211.63,1208.32,1173555968,117355610112
2026-05-19 14:45,1211.15,1213.09,1213.09,1210.99,1498034176,149803433984
2026-05-19 15:00,1213.08,1213.9,1213.9,1212.99,2084757504,208475750400
2026-05-20 09:45,1209.5,1198.18,1209.5,1197.68,2238627328,653359448064
2026-05-20 10:00,1198.34,1196.95,1200.81,1196.76,3246928128,324692869120
2026-05-20 10:15,1196.76,1193.94,1196.76,1192.78,2548332544,254833295360
2026-05-20 10:30,1194.04,1195.0,1196.5,1193.6,1794479616,179447971840
2026-05-20 10:45,1195.0,1194.44,1195.85,1192.99,1668020480,166802063360
2026-05-20 11:00,1194.46,1194.86,1195.97,1193.29,1339489024,133948915712
2026-05-20 11:15,1194.99,1192.55,1195.3,1192.11,1040801152,104080138240
2026-05-20 11:30,1192.59,1195.38,1195.48,1192.55,1053956352,105395650560
2026-05-20 13:15,1195.55,1201.14,1201.42,1195.55,1927940992,192794083328
2026-05-20 13:30,1201.1,1196.99,1201.53,1196.92,1415622016,141562216448
2026-05-20 13:45,1197.01,1196.21,1198.19,1196.18,1104667392,110466760704
2026-05-20 14:00,1196.11,1196.88,1197.03,1195.83,925728512,92572876800
2026-05-20 14:15,1196.85,1196.22,1198.77,1195.51,996372992,99637313536
2026-05-20 14:30,1196.26,1197.41,1198.75,1195.82,977426752,97742692352
2026-05-20 14:45,1197.35,1198.95,1200.21,1197.25,1287788032,128778829824
2026-05-20 15:00,1198.89,1199.31,1200.34,1198.75,1903611008,190361108480
2026-05-21 09:45,1200.64,1205.45,1208.7,1200.64,3123022336,741798969344
2026-05-21 10:00,1205.52,1206.73,1206.73,1203.86,3293548032,329354838016
2026-05-21 10:15,1206.71,1207.28,1208.21,1206.71,2524225536,252422553600
2026-05-21 10:30,1207.22,1204.28,1207.22,1204.09,1903974400,190397448192
2026-05-21 10:45,1204.3,1203.5,1205.01,1203.37,1901864704,190186487808
2026-05-21 11:00,1203.46,1202.88,1204.23,1202.25,1661433344,166143361024
2026-05-21 11:15,1202.85,1200.37,1203.18,1200.37,1186237696,118623789056
2026-05-21 11:30,1200.41,1196.32,1200.94,1196.28,1289228800,128922894336
2026-05-21 13:15,1196.3,1195.13,1198.11,1195.05,1534899968,153489997824
2026-05-21 13:30,1195.17,1195.46,1197.11,1195.14,1081479680,108147982336
2026-05-21 13:45,1195.47,1194.12,1195.47,1191.81,1233769088,123376910336
2026-05-21 14:00,1194.12,1187.58,1194.17,1187.57,1207091456,120709152768
2026-05-21 14:15,1187.58,1181.98,1187.74,1180.62,1691033856,169103392768
2026-05-21 14:30,1182.01,1172.66,1182.37,1172.66,1809539968,180954005504
2026-05-21 14:45,1172.79,1166.12,1173.56,1165.46,2610901760,261090181120
2026-05-21 15:00,1166.22,1162.59,1167.59,1161.66,2725592320,272559226880
2026-05-22 09:45,1167.87,1164.76,1170.69,1158.54,2123872768,641884028928
2026-05-22 10:00,1164.99,1164.57,1169.81,1163.47,2908787456,290878783488
2026-05-22 10:15,1164.66,1166.22,1168.74,1163.93,2168529408,216852955136
2026-05-22 10:30,1166.27,1160.66,1166.27,1160.66,1908905472,190890573824
2026-05-22 10:45,1160.64,1162.59,1163.25,1159.78,1431790976,143179120640
2026-05-22 11:00,1162.59,1164.85,1165.54,1162.59,1078896128,107889623040
2026-05-22 11:15,1164.89,1169.75,1169.8,1163.46,1023635328,102363561984
2026-05-22 11:30,1169.63,1171.64,1171.64,1168.04,973124224,97312440320
2026-05-22 13:15,1171.72,1172.41,1173.46,1171.68,1741513472,174151368704
2026-05-22 13:30,1172.49,1172.01,1172.57,1169.54,1249982720,124998287360
2026-05-22 13:45,1172.02,1175.52,1177.35,1172.01,1358125824,135812595712
2026-05-22 14:00,1175.56,1176.73,1178.6,1175.36,1197519104,119751925760
2026-05-22 14:15,1176.76,1177.72,1180.44,1176.76,1258273280,125827350528
2026-05-22 14:30,1177.69,1176.04,1177.92,1175.32,1156630528,115663060992
2026-05-22 14:45,1176.08,1174.69,1176.18,1174.46,1369239936,136923996160
2026-05-22 15:00,1174.65,1176.15,1176.15,1174.3,2002990336,200299053056
2026-05-25 09:45,1177.44,1173.5,1181.57,1173.37,3274321408,756928872448
2026-05-25 10:00,1173.58,1165.45,1173.92,1165.45,3921100288,392110014464
2026-05-25 10:15,1165.59,1169.75,1170.01,1165.59,2424865792,242486591488
2026-05-25 10:30,1169.67,1169.76,1171.49,1169.56,1833017344,183301767168
2026-05-25 10:45,1169.79,1168.88,1169.93,1168.16,1590309376,159030951936
2026-05-25 11:00,1168.79,1170.29,1170.35,1167.77,1330888704,133088886784
2026-05-25 11:15,1170.34,1169.4,1170.9,1167.74,1187880704,118788087808
2026-05-25 11:30,1169.37,1167.53,1169.37,1166.72,1055842816,105584287744
2026-05-25 13:15,1167.64,1167.81,1169.48,1166.55,1919081344,191908134912
2026-05-25 13:30,1167.81,1165.31,1168.13,1164.82,1398483968,139848417280
2026-05-25 13:45,1165.43,1159.45,1165.45,1159.23,1438140160,143814033408
2026-05-25 14:00,1159.44,1161.48,1162.01,1159.15,1080551680,108055183360
2026-05-25 14:15,1161.5,1164.35,1165.33,1161.5,1102180224,110218035200
2026-05-25 14:30,1164.37,1167.03,1167.38,1164.23,1036331904,103633190912
2026-05-25 14:45,1167.06,1168.12,1168.61,1166.6,1356152832,135615283200
2026-05-25 15:00,1168.12,1169.44,1169.87,1167.6,2025445888,202544611328
2026-05-26 09:45,1165.44,1153.78,1165.44,1153.78,3216050176,751101804544
2026-05-26 10:00,1153.64,1150.53,1155.76,1147.32,4066400000,406640033792
2026-05-26 10:15,1150.57,1151.54,1153.02,1147.78,2751113984,275111411712
2026-05-26 10:30,1151.54,1152.78,1152.85,1151.33,1862533504,186253344768
2026-05-26 10:45,1152.66,1149.35,1152.98,1149.35,1696231680,169623191552
2026-05-26 11:00,1149.39,1147.93,1149.6,1147.45,1437601920,143760211968
2026-05-26 11:15,1147.86,1141.83,1147.86,1141.78,1427976960,142797701120
2026-05-26 11:30,1141.91,1143.44,1144.56,1141.45,981150208,98115043328
2026-05-26 13:15,1143.5,1147.51,1147.8,1142.4,1479691520,147969179648
2026-05-26 13:30,1147.66,1143.88,1147.66,1142.38,1292663040,129266319360
2026-05-26 13:45,1143.88,1143.71,1146.4,1143.36,1121930368,112193052672
2026-05-26 14:00,1143.62,1139.58,1143.72,1139.04,1184183680,118418391040
2026-05-26 14:15,1139.6,1143.39,1143.39,1136.5,1218386176,121838632960
2026-05-26 14:30,1143.38,1146.46,1146.96,1141.21,1059370560,105937068032
2026-05-26 14:45,1146.47,1149.77,1150.51,1146.45,1549144832,154914504704
2026-05-26 15:00,1149.72,1149.91,1150.69,1149.14,2004419072,200441937920
2026-05-27 09:45,1148.34,1140.27,1150.56,1137.81,2917744640,721271259136
2026-05-27 10:00,1140.1,1135.79,1141.17,1135.79,3330233344,333023346688
2026-05-27 10:15,1135.71,1131.47,1135.71,1130.78,2672857344,267285725184
2026-05-27 10:30,1131.55,1134.11,1134.15,1130.39,1960511872,196051206144
2026-05-27 10:45,1134.15,1130.47,1135.15,1129.94,1651948288,165194858496
2026-05-27 11:00,1130.58,1129.19,1130.84,1128.93,1377946240,137794650112
2026-05-27 11:15,1129.19,1126.18,1129.19,1126.11,1124087680,112408772608
2026-05-27 11:30,1126.11,1122.18,1126.16,1120.19,1513577728,151357784064
2026-05-27 13:15,1122.27,1121.99,1123.76,1120.4,1711681408,171168153600
2026-05-27 13:30,1121.96,1127.07,1127.33,1119.97,1186771200,118677143552
2026-05-27 13:45,1127.03,1120.1,1127.03,1119.46,1795924736,179592495104
2026-05-27 14:00,1120.02,1118.49,1122.62,1118.23,1421246720,142124695552
2026-05-27 14:15,1118.48,1120.17,1122.77,1116.84,1173703040,117370322944
2026-05-27 14:30,1119.96,1122.73,1124.28,1119.69,1125441536,112544153600
2026-05-27 14:45,1122.68,1122.6,1126.39,1121.77,1346405376,134640541696
2026-05-27 15:00,1122.46,1123.26,1123.74,1119.85,1993992064,199399211008
2026-05-28 09:45,1121.72,1123.26,1127.73,1118.95,1693698048,598866526208
2026-05-28 10:00,1123.26,1121.51,1124.01,1119.94,3090534144,309053423616
2026-05-28 10:15,1121.34,1117.78,1124.32,1117.56,2235807232,223580717056
2026-05-28 10:30,1117.78,1116.95,1118.12,1114.66,1756827136,175682732032
2026-05-28 10:45,1116.93,1117.47,1118.33,1115.86,1448523776,144852385792
2026-05-28 11:00,1117.4,1113.19,1117.47,1113.19,1197437824,119743791104
2026-05-28 11:15,1113.17,1115.04,1115.04,1111.65,1086001664,108600180736
2026-05-28 11:30,1115.14,1117.32,1117.34,1115.14,1148585344,114858549248
2026-05-28 13:15,1117.32,1107.71,1117.42,1106.33,1915546240,191554650112
2026-05-28 13:30,1107.68,1114.33,1115.62,1107.4,1360066560,136006664192
2026-05-28 13:45,1114.5,1125.64,1125.64,1114.04,1475716224,147571638272
2026-05-28 14:00,1125.7,1129.45,1129.45,1125.7,1401344768,140134498304
2026-05-28 14:15,1129.65,1126.24,1132.66,1126.24,1255169536,125516963840
2026-05-28 14:30,1126.09,1127.01,1128.31,1125.99,1192555520,119255580672
2026-05-28 14:45,1126.94,1126.31,1128.77,1126.31,1383265536,138326573056
2026-05-28 15:00,1126.22,1126.57,1127.04,1125.84,1937346688,193734672384
2026-05-29 09:45,1126.57,1123.99,1129.45,1123.57,2687350272,698231685120
2026-05-29 10:00,1124.04,1121.41,1124.62,1118.17,3896743680,389674369024
2026-05-29 10:15,1121.46,1120.45,1122.19,1117.65,3007352320,300735201280
2026-05-29 10:30,1120.39,1116.71,1120.39,1116.1,2076630528,207663087616
2026-05-29 10:45,1116.83,1117.96,1118.98,1115.42,1599481984,159948193792
2026-05-29 11:00,1117.95,1113.87,1118.45,1113.55,1348471680,134847193088
2026-05-29 11:15,1113.95,1113.68,1114.05,1111.42,1297324544,129732460544
2026-05-29 11:30,1113.57,1112.63,1115.01,1111.33,1114240768,111424094208
2026-05-29 13:15,1112.63,1113.95,1114.95,1110.01,1532929280,153292947456
2026-05-29 13:30,1113.91,1114.76,1117.24,1113.86,1129871360,112987144192
2026-05-29 13:45,1114.71,1111.19,1114.71,1110.64,1122594176,112259440640
2026-05-29 14:00,1111.18,1104.53,1112.0,1104.51,1391623424,139162353664
2026-05-29 14:15,1104.52,1102.04,1105.16,1101.37,1524035328,152403558400
2026-05-29 14:30,1102.06,1098.6,1102.18,1098.03,1455393664,145539383296
2026-05-29 14:45,1098.75,1098.83,1102.14,1098.15,1501924352,150192455680
2026-05-29 15:00,1098.7,1101.7,1101.88,1098.12,2427798016,242779799552
2026-06-01 09:45,1100.92,1110.0,1111.86,1097.94,2686699520,698166804480
2026-06-01 10:00,1110.05,1115.36,1115.75,1109.42,3123021568,312302174208
2026-06-01 10:15,1115.37,1116.78,1117.03,1114.66,2300433664,230043385856
2026-06-01 10:30,1116.77,1118.87,1119.16,1116.76,1709716992,170971709440
2026-06-01 10:45,1118.83,1116.11,1121.34,1116.05,1792193152,179219333120
2026-06-01 11:00,1116.15,1113.84,1116.67,1112.82,1517332992,151733321728
2026-06-01 11:15,1113.81,1111.24,1114.6,1111.24,1230871040,123087118336
2026-06-01 11:30,1111.18,1115.14,1115.15,1109.54,1030093952,103009419264
2026-06-01 13:15,1115.14,1118.48,1118.72,1115.14,1353004544,135300481024
2026-06-01 13:30,1118.42,1115.93,1118.88,1115.92,1022105856,102210600960
2026-06-01 13:45,1116.01,1115.05,1117.25,1114.64,837886976,83788709888
2026-06-01 14:00,1115.03,1116.87,1118.12,1114.72,802380544,80238075904
2026-06-01 14:15,1116.8,1114.56,1117.19,1114.33,890607424,89060761600
2026-06-01 14:30,1114.54,1115.03,1115.26,1113.03,1096240768,109624098816
2026-06-01 14:45,1115.01,1113.96,1116.33,1113.67,1412935680,141293584384
2026-06-01 15:00,1114.07,1116.1,1116.1,1113.9,1866760320,186676035584
2026-06-02 09:45,1116.1,1102.76,1116.1,1102.76,1495138304,579010560000
2026-06-02 10:00,1102.63,1092.92,1102.72,1092.89,3488862720,348886269952
2026-06-02 10:15,1092.83,1094.0,1095.11,1090.14,2407818752,240781869056
2026-06-02 10:30,1094.09,1099.64,1099.64,1092.71,1680511104,168051146752
2026-06-02 10:45,1099.73,1099.38,1100.9,1097.12,1477330560,147733086208
2026-06-02 11:00,1099.38,1101.39,1102.63,1099.0,1248996864,124899688448
2026-06-02 11:15,1101.38,1096.25,1102.51,1096.25,1204580864,120458117120
2026-06-02 11:30,1096.25,1097.17,1098.0,1095.77,904099712,90409992192
2026-06-02 13:15,1097.44,1102.54,1102.54,1097.44,1539312896,153931317248
2026-06-02 13:30,1102.59,1104.01,1104.04,1101.86,1308943104,130894315520
2026-06-02 13:45,1103.99,1101.89,1107.1,1101.55,1347091968,134709215232
2026-06-02 14:00,1101.95,1101.79,1102.57,1101.25,937981504,93798170624
2026-06-02 14:15,1101.79,1097.83,1103.22,1097.61,1098956160,109895630848
2026-06-02 14:30,1097.85,1101.98,1102.05,1097.85,895288832,89528901632
2026-06-02 14:45,1102.06,1101.31,1102.59,1100.94,1123359488,112335962112
2026-06-02 15:00,1101.31,1100.99,1101.65,1100.57,1675315200,167531544576
2026-06-03 09:45,1100.0,1095.5,1100.01,1090.58,2287737856,658270453760
2026-06-03 10:00,1095.62,1098.72,1100.99,1095.36,3192465152,319246532608
2026-06-03 10:15,1098.77,1094.55,1099.45,1094.53,2347423232,234742349824
2026-06-03 10:30,1094.45,1094.02,1096.01,1093.93,1781196544,178119671808
2026-06-03 10:45,1093.99,1095.19,1095.53,1091.93,1530481152,153048137728
2026-06-03 11:00,1095.21,1093.62,1095.21,1093.54,1245052800,124505292800
2026-06-03 11:15,1093.62,1094.71,1097.1,1093.61,1274153216,127415345152
2026-06-03 11:30,1094.71,1093.28,1095.22,1092.32,1047303552,104730361856
2026-06-03 13:15,1093.27,1091.62,1094.12,1091.49,1760697344,176069738496
2026-06-03 13:30,1091.61,1093.81,1094.75,1091.5,1541326336,154132643840
2026-06-03 13:45,1093.88,1094.47,1095.34,1092.52,1317720192,131772039168
2026-06-03 14:00,1094.46,1093.01,1095.51,1092.62,1131908992,113190920192
2026-06-03 14:15,1093.06,1091.76,1095.86,1091.38,1281745152,128174530560
2026-06-03 14:30,1091.81,1087.94,1091.81,1087.81,1605051904,160505200640
2026-06-03 14:45,1087.97,1086.84,1088.26,1082.92,2141963008,214196322304
2026-06-03 15:00,1086.87,1089.79,1090.54,1086.87,1750050048,175005007872
2026-06-04 09:45,1083.62,1080.76,1088.61,1079.48,1552003584,584697053184
2026-06-04 10:00,1080.99,1079.92,1083.29,1075.34,3078302464,307830259712
2026-06-04 10:15,1079.91,1078.15,1079.91,1076.69,2311662592,231166296064
2026-06-04 10:30,1078.09,1076.51,1078.1,1075.27,1736559616,173655982080
2026-06-04 10:45,1076.48,1074.73,1076.62,1073.31,1288464896,128846495744
2026-06-04 11:00,1074.75,1073.49,1074.88,1072.24,1180673664,118067380224
2026-06-04 11:15,1073.51,1072.81,1074.63,1072.09,1028708992,102870908928
2026-06-04 11:30,1072.85,1072.84,1073.72,1071.03,920045056,92004524032
2026-06-04 13:15,1072.85,1071.52,1073.85,1069.66,1504643584,150464364544
2026-06-04 13:30,1071.49,1071.82,1072.38,1070.5,1145342080,114534227968
2026-06-04 13:45,1071.83,1071.97,1071.97,1069.4,1065358080,106535821312
2026-06-04 14:00,1072.01,1071.32,1073.81,1070.5,1100896768,110089699328
2026-06-04 14:15,1071.29,1071.12,1073.51,1071.01,1120021888,112002187264
2026-06-04 14:30,1071.0,1067.25,1071.19,1065.13,1354642432,135464271872
2026-06-04 14:45,1067.22,1070.4,1070.4,1066.74,1279688064,127968829440
2026-06-04 15:00,1070.32,1071.4,1072.68,1069.95,1829684480,182968451072
2026-06-05 09:45,1071.4,1063.07,1074.76,1062.38,2267620352,656258760704
2026-06-05 10:00,1062.97,1064.89,1068.15,1060.3,3119055872,311905583104
2026-06-05 10:15,1064.92,1069.18,1069.24,1062.92,2258674688,225867464704
2026-06-05 10:30,1069.25,1068.98,1071.4,1068.61,1752021632,175202172928
2026-06-05 10:45,1069.01,1073.98,1073.98,1067.82,1699869440,169986949120
2026-06-05 11:00,1074.07,1079.89,1080.99,1074.07,1396472832,139647287296
2026-06-05 11:15,1079.89,1083.05,1083.08,1078.87,1091340416,109134053376
2026-06-05 11:30,1083.09,1083.93,1085.59,1082.25,1162918272,116291862528
2026-06-05 13:15,1084.0,1084.49,1085.65,1083.57,1700099584,170009985024
2026-06-05 13:30,1084.5,1083.52,1088.42,1083.52,1689262720,168926281728
2026-06-05 13:45,1083.46,1084.71,1084.74,1082.03,1268535424,126853562368
2026-06-05 14:00,1084.75,1081.83,1085.92,1081.83,986146816,98614689792
2026-06-05 14:15,1081.8,1078.97,1081.8,1077.79,1249914368,124991463424
2026-06-05 14:30,1078.83,1075.39,1079.05,1074.94,1407354880,140735496192
2026-06-05 14:45,1075.38,1074.37,1076.72,1073.14,1775040256,177504043008
2026-06-05 15:00,1074.44,1076.86,1077.17,1074.44,1887637888,188763799552
2026-06-08 09:45,1054.2,1069.02,1070.73,1052.36,2389945344,668491251712
2026-06-08 10:00,1069.0,1068.7,1069.85,1066.55,2811238656,281123880960
2026-06-08 10:15,1068.63,1068.89,1069.16,1065.02,2112799744,211279986688
2026-06-08 10:30,1068.85,1065.69,1070.13,1064.07,1710130432,171013062656
2026-06-08 10:45,1065.7,1063.56,1065.7,1061.42,1364783488,136478367744
2026-06-08 11:00,1063.46,1058.22,1063.46,1058.17,1195144960,119514497024
2026-06-08 11:15,1058.15,1054.66,1059.55,1054.58,1038871424,103887159296
2026-06-08 11:30,1054.64,1051.87,1056.23,1051.57,1035850880,103585103872
2026-06-08 13:15,1052.17,1049.1,1052.79,1048.3,1376124672,137612476416
2026-06-08 13:30,1049.08,1042.89,1049.08,1042.89,1232566912,123256709120
2026-06-08 13:45,1042.88,1034.05,1043.16,1034.05,1548851456,154885160960
2026-06-08 14:00,1034.13,1039.08,1040.53,1032.21,1385499904,138550001664
2026-06-08 14:15,1038.89,1036.95,1040.5,1035.9,976340480,97634074624
2026-06-08 14:30,1037.03,1047.38,1048.45,1036.82,981863680,98186379264
2026-06-08 14:45,1047.4,1044.57,1047.58,1040.92,1132262912,113226301440
2026-06-08 15:00,1044.71,1044.82,1046.95,1042.94,1647196160,164719640576
2026-06-09 09:45,1051.39,1042.39,1053.51,1038.12,1382062080,567702978560
2026-06-09 10:00,1042.2,1047.57,1047.96,1038.81,2842072320,284207218688
2026-06-09 10:15,1047.76,1048.29,1049.93,1047.05,1912826880,191282692096
2026-06-09 10:30,1048.35,1050.87,1050.89,1047.33,1594867200,159486738432
2026-06-09 10:45,1050.81,1046.7,1051.4,1046.38,1195430272,119543054336
2026-06-09 11:00,1046.69,1044.82,1046.69,1043.17,1084693376,108469354496
2026-06-09 11:15,1044.82,1044.82,1046.79,1043.77,1063238720,106323886080
2026-06-09 11:30,1044.82,1043.03,1044.82,1041.36,940242304,94024237056
2026-06-09 13:15,1043.36,1041.88,1048.11,1041.25,1777484160,177748459520
2026-06-09 13:30,1041.84,1043.78,1043.78,1041.51,1195144960,119514513408
2026-06-09 13:45,1043.81,1044.14,1046.49,1043.75,1086612992,108661325824
2026-06-09 14:00,1043.94,1042.9,1045.74,1042.7,1019169280,101916942336
2026-06-09 14:15,1042.96,1046.71,1047.88,1042.9,1029768192,102976831488
2026-06-09 14:30,1046.74,1049.9,1050.3,1046.13,1070306496,107030659072
2026-06-09 14:45,1049.9,1049.35,1050.72,1048.78,1353075968,135307608064
2026-06-09 15:00,1049.26,1050.21,1050.21,1049.23,1825487360,182548742144
2026-06-10 09:45,1042.66,1039.7,1047.29,1039.48,1833363968,612833165312
2026-06-10 10:00,1039.55,1042.32,1043.82,1039.28,2995211008,299521114112
2026-06-10 10:15,1042.18,1033.73,1042.18,1033.73,2201407232,220140748800
2026-06-10 10:30,1033.71,1029.66,1034.86,1029.39,1722596608,172259672064
2026-06-10 10:45,1029.7,1027.88,1029.88,1025.71,1406624384,140662456320
2026-06-10 11:00,1027.89,1026.77,1029.93,1026.21,1093694720,109369499648
2026-06-10 11:15,1026.72,1025.0,1027.71,1022.86,1011268096,101126832128
2026-06-10 11:30,1025.01,1027.13,1027.46,1023.62,919424128,91942420480
2026-06-10 13:15,1027.03,1023.75,1027.03,1022.38,1430894464,143089467392
2026-06-10 13:30,1023.77,1027.71,1028.33,1023.53,950920576,95092064256
2026-06-10 13:45,1027.69,1026.45,1028.25,1025.72,1002182400,100218249216
2026-06-10 14:00,1026.39,1032.15,1032.44,1023.15,1026399872,102640017408
2026-06-10 14:15,1032.18,1030.09,1034.05,1028.06,864593856,86459400192
2026-06-10 14:30,1030.06,1031.44,1035.0,1029.47,883691264,88369135616
2026-06-10 14:45,1031.42,1032.71,1033.55,1030.7,1156622592,115662290944
2026-06-10 15:00,1032.72,1034.87,1036.07,1032.6,1647597056,164759699456
2026-06-11 09:45,1028.05,1021.03,1032.04,1015.04,1260508160,555547623424
2026-06-11 10:00,1021.04,1026.47,1027.63,1020.59,2732486912,273248714752
2026-06-11 10:15,1026.41,1017.62,1026.41,1017.18,1927573632,192757383168
2026-06-11 10:30,1017.65,1014.57,1017.65,1013.81,1530072704,153007292416
2026-06-11 10:45,1014.66,1012.5,1016.6,1012.43,1268366592,126836686848
2026-06-11 11:00,1012.5,1013.75,1014.76,1011.49,1101401088,110140121088
2026-06-11 11:15,1013.73,1011.04,1014.12,1010.11,1069767616,106976772096
2026-06-11 11:30,1011.14,1010.97,1012.26,1009.23,913985856,91398602752
2026-06-11 13:15,1011.01,1017.23,1017.33,1011.01,1517603840,151760388096
2026-06-11 13:30,1017.22,1017.07,1019.16,1016.8,1107101312,110710161408
2026-06-11 13:45,1016.95,1017.52,1020.41,1015.73,1045226304,104522653696
2026-06-11 14:00,1017.58,1020.1,1022.09,1016.71,977116544,97711669248
2026-06-11 14:15,1020.14,1015.03,1020.5,1014.35,1166527744,116652777472
2026-06-11 14:30,1014.97,1015.15,1016.64,1014.26,964985728,96498581504
2026-06-11 14:45,1015.15,1016.96,1018.23,1014.86,1159869056,115986923520
2026-06-11 15:00,1017.09,1019.64,1020.53,1017.09,1711915264,171191533568
2026-06-12 09:45,1029.05,1024.9,1031.33,1024.31,2725353472,702032117760
2026-06-12 10:00,1024.86,1027.05,1027.05,1019.64,3268815872,326881640448
2026-06-12 10:15,1027.14,1036.67,1036.71,1027.03,2514126848,251412676608
2026-06-12 10:30,1036.68,1032.86,1036.68,1032.86,1926619520,192661979136
2026-06-12 10:45,1032.77,1034.3,1034.3,1032.07,1684712192,168471232512
2026-06-12 11:00,1034.28,1037.45,1037.58,1034.04,1549053440,154905362432
2026-06-12 11:15,1037.49,1037.77,1039.86,1037.43,1537432320,153743261696
2026-06-12 11:30,1037.88,1038.03,1039.29,1037.61,1242782336,124278243328
2026-06-12 13:15,1038.11,1037.71,1038.79,1035.55,1896895744,189689610240
2026-06-12 13:30,1037.73,1036.37,1037.73,1036.18,1279969664,127996985344
2026-06-12 13:45,1036.36,1034.32,1036.52,1033.15,1240730880,124073115648
2026-06-12 14:00,1034.34,1030.45,1034.52,1029.96,1138121472,113812168704
2026-06-12 14:15,1030.37,1030.76,1031.51,1029.8,1114192128,111419228160
2026-06-12 14:30,1030.79,1030.62,1033.06,1030.4,1075058432,107505844224
2026-06-12 14:45,1030.66,1030.0,1031.54,1029.6,1601988864,160198901760
2026-06-12 15:00,1029.89,1032.71,1032.72,1029.14,2270486016,227048603648
2026-06-15 09:45,1036.68,1048.99,1050.21,1036.68,2933297664,722826559488
2026-06-15 10:00,1048.95,1047.57,1049.78,1047.35,3600680960,360068087808
2026-06-15 10:15,1047.63,1046.23,1049.85,1045.62,2556504832,255650496512
2026-06-15 10:30,1046.31,1042.54,1046.79,1040.86,2078183808,207818391552
2026-06-15 10:45,1042.56,1041.2,1043.32,1041.06,1617544448,161754447872
2026-06-15 11:00,1041.32,1040.84,1041.9,1039.84,1259284096,125928423424
2026-06-15 11:15,1040.8,1040.69,1041.29,1039.72,1097560832,109756104704
2026-06-15 11:30,1040.64,1039.38,1040.96,1038.38,1034352256,103435239424
2026-06-15 13:15,1039.56,1036.83,1040.28,1036.61,1576615040,157661511680
2026-06-15 13:30,1036.9,1039.73,1039.73,1036.84,1192646016,119264608256
2026-06-15 13:45,1039.69,1041.6,1042.0,1039.68,1122098432,112209846272
2026-06-15 14:00,1041.6,1040.26,1041.98,1039.6,940763648,94076387328
2026-06-15 14:15,1040.25,1041.07,1042.08,1040.24,961258816,96125894656
2026-06-15 14:30,1041.07,1041.38,1042.57,1040.99,903594880,90359504896
2026-06-15 14:45,1041.34,1043.07,1043.22,1040.81,1307295104,130729517056
2026-06-15 15:00,1043.08,1045.55,1045.55,1042.98,2030942720,203094294528
2026-06-16 09:45,1044.98,1033.4,1044.98,1032.09,2627092480,692205977600
2026-06-16 10:00,1033.28,1034.92,1036.3,1033.26,3409566976,340956708864
2026-06-16 10:15,1034.96,1035.93,1038.35,1034.72,2523035648,252303589376
2026-06-16 10:30,1035.96,1038.07,1038.21,1035.75,1732104832,173210517504
2026-06-16 10:45,1038.03,1044.69,1044.7,1037.82,1573223552,157322379264
2026-06-16 11:00,1044.66,1043.64,1045.08,1042.27,1339600256,133960040448
2026-06-16 11:15,1043.53,1045.55,1045.55,1043.53,1114280192,111428026368
2026-06-16 11:30,1045.55,1045.55,1047.43,1045.55,1014729728,101472993280
2026-06-16 13:15,1045.55,1049.39,1049.6,1045.19,1666646016,166664634368
2026-06-16 13:30,1049.37,1044.96,1049.43,1043.99,1437990144,143799025664
2026-06-16 13:45,1044.88,1041.6,1044.94,1041.2,1425320704,142532083712
2026-06-16 14:00,1041.56,1043.24,1043.52,1041.56,1084005248,108400558080
2026-06-16 14:15,1043.22,1044.8,1045.55,1041.87,1112318848,111231901696
2026-06-16 14:30,1044.77,1045.55,1047.51,1044.35,1107246848,110724702208
2026-06-16 14:45,1045.55,1044.73,1045.72,1044.39,1443196416,144319643648
2026-06-16 15:00,1044.86,1045.55,1045.55,1043.94,1958316032,195831627776
2026-06-17 09:45,1041.64,1036.36,1041.65,1034.92,2074518528,636948578304
2026-06-17 10:00,1036.37,1036.06,1038.58,1036.06,3122886656,312288673792
2026-06-17 10:15,1036.13,1039.6,1039.6,1036.08,2428337664,242833784832
2026-06-17 10:30,1039.52,1035.0,1039.53,1034.88,1961730176,196173021184
2026-06-17 10:45,1035.0,1032.25,1035.37,1032.14,1657731712,165773197312
2026-06-17 11:00,1032.25,1032.53,1033.38,1031.89,1440760448,144076046336
2026-06-17 11:15,1032.47,1031.32,1032.47,1031.14,1265269120,126526922752
2026-06-17 11:30,1031.29,1031.21,1031.79,1030.41,1391496960,139149705216
2026-06-17 13:15,1031.28,1029.72,1031.72,1028.82,1877880320,187788066816
2026-06-17 13:30,1029.71,1030.49,1032.02,1029.52,1269155456,126915567616
2026-06-17 13:45,1030.48,1031.74,1031.9,1030.48,1361559552,136155963392
2026-06-17 14:00,1031.79,1029.55,1031.95,1029.0,1177470208,117747032064
2026-06-17 14:15,1029.58,1029.36,1031.11,1028.84,1165695872,116569604096
2026-06-17 14:30,1029.34,1029.96,1030.61,1029.25,998207616,99820765184
2026-06-17 14:45,1029.92,1031.91,1032.02,1029.92,1477229184,147722944512
2026-06-17 15:00,1032.02,1033.13,1033.64,1032.02,2175583232,217558319104
2026-06-18 09:45,1029.7,1026.32,1029.7,1018.66,2720078336,701504552960
2026-06-18 10:00,1026.31,1030.01,1031.61,1026.31,3514731520,351473172480
2026-06-18 10:15,1030.03,1032.46,1033.13,1028.68,2883447296,288344768512
2026-06-18 10:30,1032.47,1033.13,1035.05,1032.07,2161637888,216163794944
2026-06-18 10:45,1033.13,1029.42,1033.13,1029.16,1772765056,177276518400
2026-06-18 11:00,1029.24,1026.55,1030.42,1026.33,1568314880,156831514624
2026-06-18 11:15,1026.51,1024.72,1027.47,1024.5,1480256640,148025671680
2026-06-18 11:30,1024.77,1025.85,1026.6,1024.3,1107333632,110733385728
2026-06-18 13:15,1025.88,1025.67,1026.78,1024.42,1834210048,183421042688
2026-06-18 13:30,1025.63,1027.11,1027.83,1025.36,1390278144,139027841024
2026-06-18 13:45,1027.03,1024.12,1027.29,1024.12,1249985280,124998541312
2026-06-18 14:00,1024.16,1025.48,1025.74,1022.5,1159952128,115995230208
2026-06-18 14:15,1025.47,1024.91,1026.77,1024.11,1175659904,117566013440
2026-06-18 14:30,1024.83,1024.93,1026.44,1024.83,1131612928,113161306112
2026-06-18 14:45,1024.85,1026.44,1026.67,1022.92,1668046336,166804635648
2026-06-18 15:00,1026.4,1025.23,1026.51,1025.08,2203909632,220390981632
2026-06-22 09:45,1023.54,1006.91,1023.54,1003.5,4021824000,831679168512
2026-06-22 10:00,1007.0,998.41,1008.32,998.41,4014209536,401420943360
2026-06-22 10:15,998.13,996.24,1001.03,995.76,3267904768,326790512640
2026-06-22 10:30,996.43,997.71,1000.33,995.1,2590028288,259002843136
2026-06-22 10:45,997.72,998.38,999.93,997.03,2147404032,214740402176
2026-06-22 11:00,998.34,994.21,998.34,993.44,2178016512,217801670656
2026-06-22 11:15,994.0,998.22,998.44,994.0,1457397248,145739743232
2026-06-22 11:30,998.39,1002.39,1002.58,998.39,1239720576,123972067328
2026-06-22 13:15,1002.39,1009.31,1009.33,1002.32,1829200768,182920085504
2026-06-22 13:30,1009.27,1009.87,1012.44,1008.33,1653778944,165377900544
2026-06-22 13:45,1009.84,1010.61,1011.02,1006.74,1232383744,123238391808
2026-06-22 14:00,1010.7,1017.78,1018.01,1010.64,1240603904,124060418048
2026-06-22 14:15,1017.74,1025.23,1025.23,1017.74,1411738752,141173899264
2026-06-22 14:30,1025.23,1023.59,1025.23,1023.44,1240354304,124035448832
2026-06-22 14:45,1023.68,1025.23,1026.1,1023.34,1615476096,161547632640
2026-06-22 15:00,1025.23,1027.59,1028.11,1025.23,2186142208,218614235136
2026-06-23 09:45,1023.22,1036.61,1037.02,1021.87,3665168384,796013625344
2026-06-23 10:00,1036.75,1040.05,1040.19,1035.84,264898560,455986642944
2026-06-23 10:15,1040.24,1040.35,1042.05,1040.14,2818405120,281840517120
2026-06-23 10:30,1040.28,1039.92,1041.16,1038.33,2224756736,222475681792
2026-06-23 10:45,1039.81,1039.73,1041.05,1039.4,1763505536,176350560256
2026-06-23 11:00,1039.73,1037.19,1039.9,1037.15,1452627584,145262772224
2026-06-23 11:15,1037.24,1034.88,1037.41,1034.88,1283178752,128317890560
2026-06-23 11:30,1034.79,1034.63,1035.05,1032.64,1296302336,129630240768
2026-06-23 13:15,1034.73,1034.46,1034.86,1032.07,1538613504,153861357568
2026-06-23 13:30,1034.41,1032.96,1034.53,1032.37,1131046912,113104707584
2026-06-23 13:45,1032.88,1034.94,1034.94,1031.97,1038772544,103877271552
2026-06-23 14:00,1034.9,1030.42,1035.64,1030.38,1117607552,111760769024
2026-06-23 14:15,1030.38,1029.48,1031.43,1027.59,1312192256,131219259392
2026-06-23 14:30,1029.44,1023.58,1029.44,1023.55,1529134592,152913477632
2026-06-23 14:45,1023.59,1026.62,1026.67,1023.07,1623844352,162384445440
2026-06-23 15:00,1026.69,1027.66,1028.48,1025.73,2010289664,201028976640
2026-06-24 09:45,1025.63,1012.25,1025.94,1012.25,2435153408,673012056064
2026-06-24 10:00,1012.32,1014.34,1014.73,1008.44,3563012352,356301242368
2026-06-24 10:15,1014.41,1006.77,1014.41,1006.77,2654620160,265462038528
2026-06-24 10:30,1006.77,1004.6,1007.77,1004.29,2086029824,208603004928
2026-06-24 10:45,1004.61,1002.44,1004.88,1002.44,1880769408,188076965888
2026-06-24 11:00,1002.33,1000.38,1002.33,999.1,1818833536,181883371520
2026-06-24 11:15,1000.47,999.56,1002.26,999.56,1236919936,123692007424
2026-06-24 11:30,999.55,1004.47,1004.5,998.87,1028108608,102810877952
2026-06-24 13:15,1004.53,1007.34,1007.56,1004.53,1936106752,193610678272
2026-06-24 13:30,1007.31,1009.19,1011.31,1006.39,1677802240,167780220928
2026-06-24 13:45,1009.21,1007.9,1010.01,1007.37,1443366144,144336617472
2026-06-24 14:00,1007.94,1007.42,1009.38,1006.15,1220007552,122000777216
2026-06-24 14:15,1007.31,1007.93,1008.68,1006.24,1160350208,116035043328
2026-06-24 14:30,1008.11,1007.35,1008.42,1006.92,1141379072,114137923584
2026-06-24 14:45,1007.31,1006.15,1008.19,1005.4,1436792192,143679225856
2026-06-24 15:00,1006.22,1007.0,1007.38,1005.7,2055239296,205523943424
2026-06-25 09:45,1004.58,1001.69,1004.58,994.21,3857812480,815277998080
2026-06-25 10:00,1001.61,990.37,1001.67,989.94,4193725952,419372597248
2026-06-25 10:15,990.35,984.8,990.67,983.5,2990774528,299077468160
2026-06-25 10:30,984.78,984.56,985.08,982.72,2467126784,246712696832
2026-06-25 10:45,984.48,986.93,988.42,983.06,2209026560,220902653952
2026-06-25 11:00,986.92,989.75,990.83,986.59,1664144384,166414450688
2026-06-25 11:15,989.67,988.31,990.4,987.55,1363197056,136319721472
2026-06-25 11:30,988.33,987.57,990.74,987.12,1347757952,134775799808
2026-06-25 13:15,987.45,992.42,992.94,985.97,1871488768,187148877824
2026-06-25 13:30,992.38,987.61,993.44,987.58,1345378688,134537871360
2026-06-25 13:45,987.67,987.82,988.6,986.45,1322373760,132237393920
2026-06-25 14:00,987.82,983.85,988.69,983.85,1273535360,127353552896
2026-06-25 14:15,983.85,985.99,986.82,983.83,1145899648,114589974528
2026-06-25 14:30,986.01,985.95,987.17,985.05,1143586176,114358632448
2026-06-25 14:45,985.88,986.86,987.71,985.88,1501269888,150127001600
2026-06-25 15:00,986.96,987.13,987.63,986.37,2197406720,219740684288
2026-06-26 09:45,983.12,971.31,983.13,969.81,3552476672,784744448000
2026-06-26 10:00,971.3,964.25,975.0,964.17,4256019456,425601990656
2026-06-26 10:15,964.17,967.66,968.04,962.76,2757673472,275767361536
2026-06-26 10:30,967.63,974.17,979.03,967.63,2245900288,224590036992
2026-06-26 10:45,974.14,968.85,974.14,968.58,1964883328,196488364032
2026-06-26 11:00,968.83,963.93,968.9,962.69,2327909888,232791031808
2026-06-26 11:15,963.93,962.57,966.54,962.1,1770547712,177054793728
2026-06-26 11:30,962.56,963.22,965.29,961.07,1247820672,124782084096
2026-06-26 13:15,963.22,968.64,969.85,962.44,1530639104,153063915520
2026-06-26 13:30,968.58,965.72,968.62,965.16,1416550528,141655064576
2026-06-26 13:45,965.69,966.24,966.67,963.94,1222294784,122229489664
2026-06-26 14:00,966.19,966.33,967.97,965.25,1200338560,120033869824
2026-06-26 14:15,966.33,960.6,966.33,960.6,1202701312,120270143488
2026-06-26 14:30,960.59,962.36,963.67,960.31,1092712704,109271285760
2026-06-26 14:45,962.55,964.1,965.74,960.75,1432925568,143292563456
2026-06-26 15:00,964.08,958.87,964.23,958.87,2238168320,223816843264
2026-06-29 09:45,957.75,943.98,957.77,943.87,3334797312,762976534528
2026-06-29 10:00,943.76,936.45,943.76,936.16,157156352,445212360704
2026-06-29 10:15,936.52,942.06,952.84,936.52,4130713600,413071376384
2026-06-29 10:30,942.09,955.57,957.07,941.39,3064896000,306489589760
2026-06-29 10:45,955.64,947.6,956.1,945.31,2343651840,234365206528
2026-06-29 11:00,947.72,950.23,952.38,947.72,1430814720,143081472000
2026-06-29 11:15,950.23,950.07,951.61,947.46,1196321408,119632150528
2026-06-29 11:30,950.07,947.86,951.01,946.82,926793600,92679380992
2026-06-29 13:15,947.84,945.83,948.27,944.53,1279824640,127982485504
2026-06-29 13:30,945.67,954.12,954.12,945.63,1031215488,103121567744
2026-06-29 13:45,954.17,957.98,958.87,954.17,1230895104,123089526784
2026-06-29 14:00,957.98,956.5,958.87,955.76,1255421824,125542203392
2026-06-29 14:15,956.44,954.57,957.59,952.93,1084590592,108459073536
2026-06-29 14:30,954.77,955.28,955.29,952.51,975724928,97572511744
2026-06-29 14:45,955.43,955.34,956.72,955.01,1352995072,135299530752
2026-06-29 15:00,955.27,956.07,956.51,955.07,2007996160,200799617024
2026-06-30 09:45,954.64,963.14,963.28,946.91,3006090240,730105839616
2026-06-30 10:00,963.13,957.85,963.13,954.39,3649654784,364965527552
2026-06-30 10:15,957.79,957.58,960.52,955.25,2521357824,252135800832
2026-06-30 10:30,957.54,956.07,957.54,954.74,1981321984,198132203520
2026-06-30 10:45,955.56,953.82,955.56,951.42,1714955648,171495587840
2026-06-30 11:00,953.8,954.01,956.07,953.54,1454608640,145460871168
2026-06-30 11:15,954.06,953.11,954.72,952.24,1243334912,124333522944
2026-06-30 11:30,953.11,956.41,956.75,952.67,1308900352,130890072064
2026-06-30 13:15,957.01,959.31,959.49,956.07,1987474176,198747439104
2026-06-30 13:30,959.29,956.07,959.79,956.07,1319341184,131934142464
2026-06-30 13:45,956.07,956.07,958.12,956.07,1414002944,141400309760
2026-06-30 14:00,956.07,955.1,956.82,954.61,1127304320,112730439680
2026-06-30 14:15,955.24,956.07,956.07,955.24,1114139904,111414001664
2026-06-30 14:30,956.07,959.58,959.66,956.07,1131750144,113175027712
2026-06-30 14:45,959.62,959.78,960.23,958.84,1486862592,148686290944
2026-06-30 15:00,959.76,960.63,960.63,958.88,2183294464,218329448448
2026-07-01 09:45,960.63,963.3,966.84,958.07,3264362496,755932921856
2026-07-01 10:00,963.12,967.14,968.57,960.63,3822044672,382204510208
2026-07-01 10:15,967.11,967.9,968.53,964.15,3090499328,309049950208
2026-07-01 10:30,967.91,971.49,971.49,967.9,2529937408,252993765376
2026-07-01 10:45,971.49,976.63,976.63,970.9,2897078528,289707851776
2026-07-01 11:00,976.67,978.73,979.23,976.67,1708488320,170848845824
2026-07-01 11:15,978.77,983.89,983.89,978.71,1377355520,137735569408
2026-07-01 11:30,983.98,984.8,984.8,981.4,1367691008,136769110016
2026-07-01 13:15,985.01,982.79,987.45,982.79,2119527424,211952762880
2026-07-01 13:30,982.71,984.63,985.67,982.34,1527699200,152769953792
2026-07-01 13:45,984.68,981.25,985.19,981.24,1396542592,139654266880
2026-07-01 14:00,981.21,979.77,982.32,976.28,1645629568,164562976768
2026-07-01 14:15,979.74,980.92,982.26,979.31,1150384384,115038445568
2026-07-01 14:30,980.93,979.97,981.65,979.45,1113377792,111337783296
2026-07-01 14:45,979.93,979.36,980.53,977.24,1562045184,156204531712
2026-07-01 15:00,979.3,980.83,980.83,979.21,1960336640,196033675264
2026-07-02 09:45,977.16,991.2,991.22,976.03,4174095872,846906327040
2026-07-02 10:00,991.15,991.38,992.63,989.89,3808472320,380847259648
2026-07-02 10:15,991.33,990.18,991.68,988.45,2606164736,260616519680
2026-07-02 10:30,990.18,986.93,990.19,986.39,2062901248,206290141184
2026-07-02 10:45,986.85,983.55,987.78,983.49,1797341952,179734216704
2026-07-02 11:00,983.47,985.72,986.72,982.47,1531159168,153115934720
2026-07-02 11:15,985.62,984.9,985.65,984.02,1190781184,119078125568
2026-07-02 11:30,984.94,985.14,985.64,983.85,1108939904,110893998080
2026-07-02 13:15,985.28,984.84,986.4,984.6,1572309760,157230989312
2026-07-02 13:30,984.82,983.71,984.82,983.2,1366405632,136640569344
2026-07-02 13:45,983.69,982.73,984.0,981.25,1413446912,141344702464
2026-07-02 14:00,982.72,983.71,984.53,980.83,1375601152,137560113152
2026-07-02 14:15,983.68,984.02,984.86,980.83,1217079040,121707921408
2026-07-02 14:30,984.02,980.83,984.2,980.83,1195969792,119596990464
2026-07-02 14:45,980.83,977.84,982.57,977.55,1749875456,174987575296
2026-07-02 15:00,977.8,976.1,977.8,973.98,2273872896,227387277312
2026-07-03 09:45,978.0,986.42,987.57,978.0,2816063488,711103021056
2026-07-03 10:00,986.6,986.48,987.19,984.09,3644341760,364434161664
2026-07-03 10:15,986.54,986.01,986.54,983.72,2461753600,246175367168
2026-07-03 10:30,985.96,981.65,986.65,981.28,1741953408,174195343360
2026-07-03 10:45,981.69,981.01,982.61,980.72,1639478016,163947806720
2026-07-03 11:00,981.01,980.13,981.21,978.31,1725435264,172543541248
2026-07-03 11:15,980.07,980.4,981.4,979.43,1360124288,136012447744
2026-07-03 11:30,980.41,983.2,983.25,979.63,1057175552,105717571584
2026-07-03 13:15,983.58,986.48,986.6,983.16,1870971392,187097153536
2026-07-03 13:30,986.52,986.27,988.74,985.69,1459924736,145992482816
2026-07-03 13:45,986.25,987.26,987.7,986.09,1042266112,104226635776
2026-07-03 14:00,987.25,990.63,990.7,986.61,977500672,97750081536
2026-07-03 14:15,990.6,990.67,992.44,990.31,1137897344,113789747200
2026-07-03 14:30,990.61,988.84,991.01,988.6,1203209088,120320909312
2026-07-03 14:45,988.83,989.25,989.35,987.55,1526202112,152620220416
2026-07-03 15:00,989.24,987.99,989.48,987.4,2093434624,209343496192
2026-07-06 09:45,987.99,988.62,993.99,986.08,2820968448,711593558016
2026-07-06 10:00,988.74,989.43,990.14,986.32,3408379904,340837990400
2026-07-06 10:15,989.27,987.99,991.64,987.26,2670337536,267033755648
2026-07-06 10:30,987.99,981.99,987.99,981.84,2570786304,257078657024
2026-07-06 10:45,981.99,979.41,982.56,978.94,2265761792,226576203776
2026-07-06 11:00,979.4,977.59,979.4,976.25,1717471488,171747147776
2026-07-06 11:15,977.55,977.57,978.79,976.59,1361954816,136195489792
2026-07-06 11:30,977.57,978.96,978.99,976.93,1104457088,110445731840
2026-07-06 13:15,979.07,978.51,980.78,978.41,1422664704,142266499072
2026-07-06 13:30,978.46,977.5,978.84,976.87,917255168,91725529088
2026-07-06 13:45,977.37,979.57,979.57,976.04,874426112,87442628608
2026-07-06 14:00,979.82,978.79,980.53,978.7,887117696,88711790592
2026-07-06 14:15,978.78,977.03,978.78,976.7,947021056,94702125056
2026-07-06 14:30,977.03,976.05,977.03,975.21,1008985088,100898521088
2026-07-06 14:45,975.94,975.57,978.14,975.29,1208440960,120844115968
2026-07-06 15:00,975.73,975.5,976.15,975.05,1643427328,164342743040
2026-07-07 09:45,973.58,971.74,973.58,966.55,1102431744,539739881472
2026-07-07 10:00,971.73,960.7,971.73,960.63,2899439616,289943977984
2026-07-07 10:15,960.73,958.88,962.07,958.29,2124224768,212422492160
2026-07-07 10:30,958.9,954.42,958.9,954.32,1603969280,160396951552
2026-07-07 10:45,954.38,954.14,956.07,953.07,1440977664,144097771520
2026-07-07 11:00,954.14,950.34,954.14,950.34,1059087936,105908813824
2026-07-07 11:15,950.3,952.79,953.51,950.2,988024320,98802442240
2026-07-07 11:30,952.8,952.85,953.08,950.84,905400704,90540089344
2026-07-07 13:15,952.68,950.09,953.71,949.89,1585420544,158542069760
2026-07-07 13:30,950.09,949.37,950.21,948.82,1258670720,125867081728
2026-07-07 13:45,949.34,951.61,951.83,949.19,1151213440,115121364992
2026-07-07 14:00,951.61,948.44,951.63,948.38,1043329344,104332951552
2026-07-07 14:15,948.46,945.81,948.86,944.89,970494208,97049444352
2026-07-07 14:30,945.78,946.45,946.52,944.6,872424832,87242506240
2026-07-07 14:45,946.47,948.26,949.52,945.81,1093842176,109384228864
2026-07-07 15:00,948.21,947.19,948.27,946.74,1590814464,159081463808
2026-07-08 09:45,947.19,933.41,947.19,933.41,1180862464,547582967808
2026-07-08 10:00,933.47,941.1,943.59,932.12,3440283136,344028348416
2026-07-08 10:15,941.01,933.77,941.15,933.77,2362641664,236264161280
2026-07-08 10:30,933.74,939.51,939.51,933.68,1415109248,141510934528
2026-07-08 10:45,939.44,937.87,940.41,937.87,1301751808,130175205376
2026-07-08 11:00,937.75,934.92,937.81,934.88,1004431744,100443185152
2026-07-08 11:15,934.95,940.62,940.66,934.82,937941632,93794189312
2026-07-08 11:30,940.54,941.82,942.81,938.06,1216688000,121668812800
2026-07-08 13:15,941.56,940.56,941.56,936.61,1488815232,148881539072
2026-07-08 13:30,940.58,936.87,941.3,936.7,899408384,89940844544
2026-07-08 13:45,936.81,934.37,936.82,934.34,886112384,88611250176
2026-07-08 14:00,934.37,938.45,939.06,933.19,820421248,82042126336
2026-07-08 14:15,938.37,936.64,938.4,935.47,770131328,77013147648
2026-07-08 14:30,936.87,937.73,940.32,936.77,836637312,83663740928
2026-07-08 14:45,937.67,936.55,938.43,936.45,1160776960,116077723648
2026-07-08 15:00,936.58,934.06,936.78,934.06,1809125248,180912553984
2026-07-09 09:45,933.4,935.78,936.3,927.66,1135229440,543019696128
2026-07-09 10:00,935.83,933.64,936.08,931.18,3080254720,308025491456
2026-07-09 10:15,933.62,930.76,933.66,928.72,2071276800,207127707648
2026-07-09 10:30,930.77,925.13,931.8,925.13,1552023808,155202404352
2026-07-09 10:45,925.11,918.54,925.14,917.52,1532581248,153258147840
2026-07-09 11:00,918.56,914.65,918.57,914.52,1281656576,128165675008
2026-07-09 11:15,914.6,913.63,915.16,913.05,1102764800,110276501504
2026-07-09 11:30,913.63,915.59,915.65,911.65,1034230784,103423098880
2026-07-09 13:15,915.7,920.6,920.64,915.09,1571698304,157169844224
2026-07-09 13:30,920.57,919.81,920.57,915.63,1294513408,129451360256
2026-07-09 13:45,919.78,921.96,921.96,918.29,1416004096,141600423936
2026-07-09 14:00,922.08,925.99,925.99,922.08,1668556416,166855671808
2026-07-09 14:15,926.26,927.73,927.89,924.81,1516269696,151626989568
2026-07-09 14:30,927.68,928.54,928.73,925.4,1299099392,129909948416
2026-07-09 14:45,928.6,931.19,931.19,927.45,1477738240,147773833216
2026-07-09 15:00,931.2,932.35,933.66,931.2,1993773312,199377354752
2026-07-10 09:45,931.36,931.13,932.35,923.03,2948000768,724296794112
2026-07-10 10:00,931.04,941.29,941.58,930.64,3771718400,377171804160
2026-07-10 10:15,941.3,947.42,947.42,941.27,3534483456,353448427520
2026-07-10 10:30,947.44,946.33,949.07,945.97,2079284864,207928492032
2026-07-10 10:45,946.28,948.3,949.19,945.92,1818002560,181800271872
2026-07-10 11:00,948.31,949.91,950.19,947.44,1349163520,134916358144
2026-07-10 11:15,949.81,951.51,952.5,949.78,1049372160,104937226240
2026-07-10 11:30,951.49,953.05,953.32,951.49,976913280,97691353088
2026-07-10 13:15,953.58,957.25,957.25,953.58,1963773440,196377362432
2026-07-10 13:30,957.21,956.71,957.65,955.63,1226304000,122630406144
2026-07-10 13:45,956.86,950.43,957.68,950.43,1425801856,142580203520
2026-07-10 14:00,950.4,948.3,951.56,948.1,1287516672,128751681536
2026-07-10 14:15,948.12,945.65,948.12,945.24,1441173248,144117334016
2026-07-10 14:30,945.81,946.21,948.69,945.81,1099365760,109936599040
2026-07-10 14:45,946.25,944.15,946.6,944.09,1631499392,163149971456
2026-07-10 15:00,944.15,943.84,945.64,943.8,2209673728,220967387136
2026-07-13 09:45,939.91,927.73,941.53,926.11,2362167296,665713508352
2026-07-13 10:00,927.76,919.97,929.79,919.5,3304537088,330453745664
2026-07-13 10:15,920.12,921.17,922.08,918.67,2296562688,229656297472
2026-07-13 10:30,921.06,921.75,922.21,919.34,1553099520,155309965312
2026-07-13 10:45,921.72,914.87,921.81,914.83,1402106112,140210634752
2026-07-13 11:00,914.82,914.69,916.46,914.55,1084601728,108460195840
2026-07-13 11:15,914.7,911.52,914.72,911.29,1316591488,131659169792
2026-07-13 11:30,911.42,913.92,915.26,911.42,1027020032,102702022656
2026-07-13 13:15,913.89,910.58,914.7,910.5,1338984192,133898452992
2026-07-13 13:30,910.5,906.0,910.5,905.68,1384054272,138405445632
2026-07-13 13:45,906.18,911.17,915.95,906.18,1273266432,127326650368
2026-07-13 14:00,911.19,909.41,911.67,907.08,871581056,87158112256
2026-07-13 14:15,909.4,904.09,909.4,903.94,950883392,95088361472
2026-07-13 14:30,904.09,904.73,905.66,903.55,994413824,99441401856
2026-07-13 14:45,904.95,905.24,906.26,902.41,1303010688,130301083648
2026-07-13 15:00,905.0,904.34,909.3,903.69,1589410048,158941020160
2026-07-14 09:45,904.34,900.05,905.47,896.25,971487744,526645526528
2026-07-14 10:00,900.02,905.93,906.59,896.35,2618517248,261851709440
2026-07-14 10:15,905.9,905.39,906.83,901.88,1779033088,177903321088
2026-07-14 10:30,905.51,905.63,909.88,904.99,1634218496,163421880320
2026-07-14 10:45,905.68,904.34,907.45,904.34,1205883648,120588386304
2026-07-14 11:00,904.34,902.57,904.34,901.25,1447765760,144776593408
2026-07-14 11:15,902.5,898.25,903.02,897.15,1369458944,136945909760
2026-07-14 11:30,898.26,902.52,902.52,897.21,1030625536,103062577152
2026-07-14 13:15,903.09,912.04,914.81,903.09,2295715840,229571608576
2026-07-14 13:30,912.02,913.89,914.38,909.15,1374663680,137466380288
2026-07-14 13:45,913.88,911.52,915.7,910.67,1461401856,146140200960
2026-07-14 14:00,911.29,909.69,911.29,907.61,991642432,99164258304
2026-07-14 14:15,909.77,914.51,914.51,909.72,875850176,87585030144
2026-07-14 14:30,914.58,915.84,916.03,913.01,868268672,86826876928
2026-07-14 14:45,915.76,916.3,917.65,915.62,1258665856,125866590208
2026-07-14 15:00,916.38,918.34,918.34,916.23,1716854528,171685462016
2026-07-15 09:45,917.13,922.97,924.14,915.79,2146276864,644124442624
2026-07-15 10:00,923.17,930.65,931.02,923.17,2901809664,290180956160
2026-07-15 10:15,930.78,929.08,931.97,926.96,2015071872,201507209216
2026-07-15 10:30,929.04,928.69,930.34,927.31,1503982592,150398287872
2026-07-15 10:45,928.57,930.55,931.95,928.31,1348570496,134857064448
2026-07-15 11:00,930.55,927.18,931.01,927.18,1105033984,110503411712
2026-07-15 11:15,927.14,927.36,927.36,924.79,981797824,98179809280
2026-07-15 11:30,927.43,928.0,928.14,924.14,966958336,96695844864
2026-07-15 13:15,928.34,922.31,928.99,921.54,1410892672,141089275904
2026-07-15 13:30,922.31,925.21,926.48,922.29,1029685824,102968598528
2026-07-15 13:45,925.21,924.34,926.22,923.35,914954880,91495514112
2026-07-15 14:00,924.32,921.35,924.34,921.35,825672000,82567217152
2026-07-15 14:15,921.4,921.09,921.4,919.73,824700672,82470084608
2026-07-15 14:30,921.08,923.6,924.43,920.09,886549376,88654954496
2026-07-15 14:45,923.54,924.93,924.98,921.61,1215206272,121520652288
2026-07-15 15:00,924.9,925.36,925.58,923.94,1502048512,150204841984
2026-07-16 09:45,919.09,920.33,921.6,913.02,1290746368,558571388928
2026-07-16 10:00,920.4,925.36,927.23,920.1,2349915392,234991534080
2026-07-16 10:15,925.36,927.79,930.38,925.36,1635741952,163574202368
2026-07-16 10:30,927.87,931.35,931.79,927.87,1408547584,140854788096
2026-07-16 10:45,931.31,931.02,932.43,929.3,1438261376,143826157568
2026-07-16 11:00,931.15,929.71,932.78,929.68,941609344,94160945152
2026-07-16 11:15,929.71,930.27,930.89,929.69,737497344,73749749760
2026-07-16 11:30,930.22,930.53,930.64,928.13,799767616,79976775680
2026-07-16 13:15,930.66,928.93,930.9,926.9,1081200640,108120064000
2026-07-16 13:30,929.01,928.32,930.76,928.07,931044352,93104455680
2026-07-16 13:45,928.29,926.89,928.32,925.36,1105560064,110556037120
2026-07-16 14:00,926.98,926.05,927.58,925.47,1012017920,101201805312
2026-07-16 14:15,926.19,925.36,927.08,924.81,960329984,96033021952
2026-07-16 14:30,925.06,923.73,925.06,923.36,1002916224,100291641344
2026-07-16 14:45,923.58,921.56,923.58,920.19,1446353152,144635330560
2026-07-16 15:00,921.6,923.68,923.68,920.35,1752972288,175297232896
2026-07-17 09:45,922.06,917.65,927.28,917.65,1412547584,570751516672
2026-07-17 10:00,917.65,916.77,919.54,912.55,2800802048,280080220160
2026-07-17 10:15,916.81,911.68,919.36,911.09,1748335488,174833549312
2026-07-17 10:30,911.71,908.13,915.13,908.13,1262031744,126203183104
2026-07-17 10:45,908.13,904.52,908.13,904.38,1469830912,146983092224
2026-07-17 11:00,904.5,904.74,906.74,901.95,1295031296,129503141888
2026-07-17 11:15,904.76,905.43,910.21,904.32,1048603264,104860344320
2026-07-17 11:30,905.43,902.04,907.27,901.3,796760448,79676055552
2026-07-17 13:15,901.9,896.34,901.9,895.3,1403379968,140338003968
2026-07-17 13:30,896.34,892.8,897.0,890.68,1342020864,134202097664
2026-07-17 13:45,892.79,881.91,893.94,881.89,1432264192,143226437632
2026-07-17 14:00,881.97,891.39,891.87,880.23,1347503616,134750371840
2026-07-17 14:15,891.36,901.6,902.72,891.36,1408731520,140873170944
2026-07-17 14:30,901.6,895.8,901.81,895.8,982011392,98201157632
2026-07-17 14:45,895.9,889.26,896.88,889.08,1081428736,108142886912
2026-07-17 15:00,889.04,885.64,889.06,885.13,1590263040,159026315264
2026-07-20 09:45,887.98,896.97,898.77,887.98,1372015104,566698311680
2026-07-20 10:00,896.97,897.35,899.05,892.4,3080681472,308068188160
2026-07-20 10:15,897.36,894.45,900.13,893.83,1982830336,198283067392
2026-07-20 10:30,894.37,887.23,894.47,886.87,1750087936,175008808960
2026-07-20 10:45,886.95,887.64,887.69,883.96,1631679104,163167911936
2026-07-20 11:00,887.64,891.78,892.73,887.64,1067505408,106750541824
2026-07-20 11:15,891.77,890.62,894.16,890.58,946661248,94666145792
2026-07-20 11:30,890.67,887.5,892.36,887.12,673096320,67309649920
2026-07-20 13:15,887.72,882.37,889.6,882.35,1169263872,116926398464
2026-07-20 13:30,882.4,875.43,882.45,875.22,1108342144,110834229248
2026-07-20 13:45,875.41,863.25,876.38,863.25,1541452544,154145275904
2026-07-20 14:00,863.24,859.74,868.66,858.93,1304744320,130474450944
2026-07-20 14:15,860.07,864.13,869.73,858.6,1051328384,105132843008
2026-07-20 14:30,864.13,859.74,867.72,858.09,1027628032,102762823680
2026-07-20 14:45,859.76,861.24,861.25,853.14,1577374976,157737517056
2026-07-20 15:00,861.4,867.05,867.05,861.4,1601376768,160137674752
2026-07-21 09:45,867.05,855.64,867.05,855.64,859412480,515437953024
2026-07-21 10:00,855.64,843.59,861.69,840.2,3209257984,320925794304
2026-07-21 10:15,843.6,835.21,843.88,827.35,2839233792,283923382272
2026-07-21 10:30,835.21,842.72,844.18,832.39,1805265024,180526514176
2026-07-21 10:45,842.91,843.9,850.41,842.91,1846619648,184661983232
2026-07-21 11:00,843.78,856.25,857.3,843.65,1808504960,180850491392
2026-07-21 11:15,856.21,861.68,863.37,856.21,2195215616,219521581056
2026-07-21 11:30,861.6,866.08,866.08,861.59,1261763712,126176378880
2026-07-21 13:15,866.36,868.89,872.21,866.36,1986190848,198619119616
2026-07-21 13:30,869.12,867.05,870.26,865.92,1190382336,119038246912
2026-07-21 13:45,867.05,864.99,867.05,863.44,851557312,85155749888
2026-07-21 14:00,865.05,865.98,867.7,865.04,910696256,91069644800
2026-07-21 14:15,866.1,867.93,868.56,865.13,941759040,94175920128
2026-07-21 14:30,867.97,867.48,869.0,867.05,1002474240,100247429120
2026-07-21 14:45,867.05,870.32,870.32,867.05,1216858496,121685868544
2026-07-21 15:00,870.36,872.13,872.13,869.73,1521974528,152197464064
2026-07-22 09:45,866.57,869.33,874.86,864.92,2095730688,639069847552
2026-07-22 10:00,869.36,870.97,873.58,867.87,3119353344,311935369216
2026-07-22 10:15,870.98,864.7,872.13,864.7,1959740672,195974070272
2026-07-22 10:30,864.51,868.42,868.45,864.14,1712867840,171286790144
2026-07-22 10:45,868.32,864.29,869.44,862.85,1689772544,168977268736
2026-07-22 11:00,864.3,863.25,865.44,863.25,1021642880,102164299776
2026-07-22 11:15,863.09,862.05,863.09,858.35,1076615168,107661541376
2026-07-22 11:30,862.19,866.36,866.69,862.19,924790144,92479029248
2026-07-22 13:15,866.31,862.88,866.6,862.45,1171849088,117184905216
2026-07-22 13:30,862.88,860.95,862.88,859.93,1216338176,121633824768
2026-07-22 13:45,860.9,861.47,862.95,859.66,1093014784,109301489664
2026-07-22 14:00,861.48,858.73,862.48,858.47,861388288,86138847232
2026-07-22 14:15,858.77,857.21,860.41,856.71,1172166272,117216657408
2026-07-22 14:30,857.25,858.53,861.85,857.07,862184896,86218506240
2026-07-22 14:45,858.42,859.44,860.97,858.11,958920448,95892062208
2026-07-22 15:00,859.38,861.01,861.04,859.35,1455108224,145510825984
2026-07-23 09:45,859.47,862.99,865.11,859.31,454054912,474902233088
2026-07-23 10:00,863.0,866.79,867.16,859.79,2345355264,234535550976
2026-07-23 10:15,866.7,866.32,867.72,864.87,2009937792,200993783808
2026-07-23 10:30,866.38,863.54,868.15,863.18,1664839936,166484017152
2026-07-23 10:45,863.52,864.65,866.11,863.52,1078273152,107827322880
2026-07-23 11:00,864.65,864.96,866.28,864.05,1076373632,107637374976
2026-07-23 11:15,864.92,863.62,865.61,861.63,1058959872,105895993344
2026-07-23 11:30,863.63,864.26,864.9,863.17,671157504,67115765760
2026-07-23 13:15,864.47,869.3,869.62,864.47,1099829632,109982990336
2026-07-23 13:30,869.3,870.72,871.09,867.12,816525952,81652613120
2026-07-23 13:45,870.8,873.65,875.04,870.7,1001953792,100195401728
2026-07-23 14:00,873.56,871.51,873.56,871.51,684735808,68473597952
2026-07-23 14:15,871.47,872.52,872.7,870.6,681665472,68166557696
2026-07-23 14:30,872.53,873.05,873.34,872.41,730466304,73046638592
2026-07-23 14:45,873.01,876.48,876.64,873.01,995165312,99516547072
2026-07-23 15:00,876.46,876.69,876.69,875.73,1430705152,143070527488
2026-07-24 09:45,868.35,868.85,869.73,864.52,69351936,436431945728
2026-07-24 10:00,868.93,865.3,870.12,864.84,2007630080,200763047936
2026-07-24 10:15,865.3,862.87,866.8,862.52,1447767808,144776806400
2026-07-24 10:30,862.9,859.7,862.9,858.87,1179981568,117998166016
2026-07-24 10:45,859.72,855.65,859.72,855.19,1074748800,107474894848
2026-07-24 11:00,855.63,855.08,856.97,854.54,832548736,83254886400
2026-07-24 11:15,855.1,855.64,856.24,853.75,673630592,67363069952
2026-07-24 11:30,855.64,854.66,855.77,852.2,760756352,76075646976
2026-07-24 13:15,854.95,861.61,863.56,854.95,1176734208,117673426944
2026-07-24 13:30,861.61,861.68,862.74,860.38,813454080,81345421312
2026-07-24 13:45,861.66,856.05,861.66,855.93,721548160,72154832896
2026-07-24 14:00,855.97,855.42,857.45,855.32,629262144,62926233600
2026-07-24 14:15,855.44,856.23,856.23,854.54,680933568,68093370368
2026-07-24 14:30,856.26,855.83,857.01,854.65,642251264,64225144832
2026-07-24 14:45,855.84,853.5,856.72,853.39,938759680,93875986432
2026-07-24 15:00,853.48,851.64,853.48,851.63,1500398464,150039855104
